#taxa	5th	10th	50th	90th	95th	frequency	average
k__Bacteria;p__Actinobacteria;c__Actinobacteria;o__Bifidobacteriales;f__Bifidobacteriaceae;g__Bifidobacterium;s__animalis	0.0	0.0	0.0	0.0	0.00650645896657	3	0.0008
k__Bacteria;p__Actinobacteria;c__Actinobacteria;o__Bifidobacteriales;f__Bifidobacteriaceae;g__Bifidobacterium;s__pseudocatenulatum	0.0	0.0	0.0	0.0	0.0	2	0
k__Bacteria;p__Actinobacteria;c__Actinobacteria;o__Bifidobacteriales;f__Bifidobacteriaceae;g__Bifidobacterium;s__pseudolongum	0.0	0.0	0.0	0.00100187852223	0.01520020846	6	0.0104
k__Bacteria;p__Actinobacteria;c__Actinobacteria;o__Bifidobacteriales;f__Bifidobacteriaceae;g__Bifidobacterium;s__saeculare	0.0	0.0	0.0	0.0	0.00093425513173	5	0.0001
k__Bacteria;p__Actinobacteria;c__Actinobacteria;o__Corynebacteriales;f__Corynebacteriaceae;g__Corynebacterium;s__variabile	0.0	0.0	0.0	0.0	0.0	1	0
k__Bacteria;p__Actinobacteria;c__Actinobacteria;o__Corynebacteriales;f__Nocardiaceae;g__Nocardia;s__thraciensis	0.0	0.0	0.0	0.0	0.0	1	0
k__Bacteria;p__Actinobacteria;c__Actinobacteria;o__Corynebacteriales;f__Nocardiaceae;g__Rhodococcus;s__corynebacterioides	0.0	0.0	0.0	0.0	0.0	1	0
k__Bacteria;p__Actinobacteria;c__Actinobacteria;o__Frankiales;f__Geodermatophilaceae;g__Blastococcus;s__aggregatus	0.0	0.0	0.0	0.0	0.0	2	0.0001
k__Bacteria;p__Actinobacteria;c__Actinobacteria;o__Frankiales;f__Geodermatophilaceae;g__Blastococcus;s__aggregatus-saxobsidens	0.0	0.0	0.0	0.0	0.0	2	0
k__Bacteria;p__Actinobacteria;c__Actinobacteria;o__Frankiales;f__Geodermatophilaceae;g__Blastococcus;s__saxobsidens	0.0	0.0	0.0	0.0	0.00163626446882	3	0.0006
k__Bacteria;p__Actinobacteria;c__Actinobacteria;o__Frankiales;f__Geodermatophilaceae;g__Blastococcus;s__sp6056	0.0	0.0	0.0	0.0	0.0	1	0
k__Bacteria;p__Actinobacteria;c__Actinobacteria;o__Frankiales;f__Geodermatophilaceae;g__Geodermatophilus;s__sp6074	0.0	0.0	0.0	0.0	0.0	2	0
k__Bacteria;p__Actinobacteria;c__Actinobacteria;o__Frankiales;f__Geodermatophilaceae;g__Modestobacter;s__marinus	0.0	0.0	0.0	0.0	0.0	2	0
k__Bacteria;p__Actinobacteria;c__Actinobacteria;o__Frankiales;f__Geodermatophilaceae;g__Modestobacter;s__marinus-roseus	0.0	0.0	0.0	0.0	0.0	2	0.0002
k__Bacteria;p__Actinobacteria;c__Actinobacteria;o__Frankiales;f__Geodermatophilaceae;g__Modestobacter;s__sp6084	0.0	0.0	0.0	0.0	0.0	2	0
k__Bacteria;p__Actinobacteria;c__Actinobacteria;o__Frankiales;f__Geodermatophilaceae;g__Modestobacter;s__versicolor	0.0	0.0	0.0	0.0	0.0	2	0.0001
k__Bacteria;p__Actinobacteria;c__Actinobacteria;o__Frankiales;f__Geodermatophilaceae;g__NA;s__sp6088	0.0	0.0	0.0	0.0	0.0	1	0
k__Bacteria;p__Actinobacteria;c__Actinobacteria;o__Frankiales;f__NA;g__NA;s__sp6157-sp6164	0.0	0.0	0.0	0.0	0.0	2	0
k__Bacteria;p__Actinobacteria;c__Actinobacteria;o__Frankiales;f__Nakamurellaceae;g__Nakamurella;s__sp6098	0.0	0.0	0.0	0.0	0.0	1	0
k__Bacteria;p__Actinobacteria;c__Actinobacteria;o__Frankiales;f__Sporichthyaceae;g__NA;s__sp6148	0.0	0.0	0.0	0.0	0.0	1	0
k__Bacteria;p__Actinobacteria;c__Actinobacteria;o__Kineosporiales;f__Kineosporiaceae;g__Kineococcus;s__radiotolerans	0.0	0.0	0.0	0.0	0.0	2	0
k__Bacteria;p__Actinobacteria;c__Actinobacteria;o__Kineosporiales;f__Kineosporiaceae;g__Quadrisphaera;s__sp6219	0.0	0.0	0.0	0.0	0.0	2	0
k__Bacteria;p__Actinobacteria;c__Actinobacteria;o__Micrococcales;f__Beutenbergiaceae;g__Serinibacter;s__salmoneus	0.0	0.0	0.0	0.0	0.0	1	0
k__Bacteria;p__Actinobacteria;c__Actinobacteria;o__Micrococcales;f__Bogoriellaceae;g__Georgenia;s__soli	0.0	0.0	0.0	0.0	0.0	2	0
k__Bacteria;p__Actinobacteria;c__Actinobacteria;o__Micrococcales;f__Bogoriellaceae;g__Oceanitalea;s__nanhaiensis	0.0	0.0	0.0	0.0	0.0	1	0
k__Bacteria;p__Actinobacteria;c__Actinobacteria;o__Micrococcales;f__Cellulomonadaceae;g__Actinotalea;s__ferrariae	0.0	0.0	0.0	0.0	0.0	1	0
k__Bacteria;p__Actinobacteria;c__Actinobacteria;o__Micrococcales;f__Cellulomonadaceae;g__Cellulomonas;s__aerilata	0.0	0.0	0.0	0.0	0.0	2	0.0002
k__Bacteria;p__Actinobacteria;c__Actinobacteria;o__Micrococcales;f__Cellulomonadaceae;g__Cellulomonas;s__carbonis	0.0	0.0	0.0	0.0	0.0	2	0
k__Bacteria;p__Actinobacteria;c__Actinobacteria;o__Micrococcales;f__Cellulomonadaceae;g__Cellulomonas;s__denverensis	0.0	0.0	0.0	0.0	0.0	1	0
k__Bacteria;p__Actinobacteria;c__Actinobacteria;o__Micrococcales;f__Cellulomonadaceae;g__Cellulomonas;s__fimi	0.0	0.0	0.0	0.0	0.0	2	0.0002
k__Bacteria;p__Actinobacteria;c__Actinobacteria;o__Micrococcales;f__Cellulomonadaceae;g__Cellulomonas;s__flavigena	0.0	0.0	0.0	0.0	0.0	2	0.0001
k__Bacteria;p__Actinobacteria;c__Actinobacteria;o__Micrococcales;f__Dermabacteraceae;g__Brachybacterium;s__faecium	0.0	0.0	0.0	0.0	0.0	2	0
k__Bacteria;p__Actinobacteria;c__Actinobacteria;o__Micrococcales;f__Dermabacteraceae;g__Brachybacterium;s__faecium-saurashtrense	0.0	0.0	0.0	0.0	0.0	1	0
k__Bacteria;p__Actinobacteria;c__Actinobacteria;o__Micrococcales;f__Dermabacteraceae;g__Brachybacterium;s__fresconis-saurashtrense	0.0	0.0	0.0	0.0	0.0	1	0
k__Bacteria;p__Actinobacteria;c__Actinobacteria;o__Micrococcales;f__Microbacteriaceae;g__Agrococcus;s__citreus	0.0	0.0	0.0	0.0	0.0	1	0
k__Bacteria;p__Actinobacteria;c__Actinobacteria;o__Micrococcales;f__Microbacteriaceae;g__Agrococcus;s__jenensis	0.0	0.0	0.0	0.0	0.0	2	0.0001
k__Bacteria;p__Actinobacteria;c__Actinobacteria;o__Micrococcales;f__Microbacteriaceae;g__Alpinimonas;s__sp6594	0.0	0.0	0.0	0.0	0.0	2	0
k__Bacteria;p__Actinobacteria;c__Actinobacteria;o__Micrococcales;f__Microbacteriaceae;g__Clavibacter;s__michiganensis	0.0	0.0	0.0	0.0	0.0	1	0
k__Bacteria;p__Actinobacteria;c__Actinobacteria;o__Micrococcales;f__Microbacteriaceae;g__Curtobacterium;s__flaccumfaciens	0.0	0.0	0.0	0.0	0.0	1	0
k__Bacteria;p__Actinobacteria;c__Actinobacteria;o__Micrococcales;f__Microbacteriaceae;g__Frigoribacterium;s__endophyticum-faeni	0.0	0.0	0.0	0.0	0.0	1	0
k__Bacteria;p__Actinobacteria;c__Actinobacteria;o__Micrococcales;f__Microbacteriaceae;g__Frigoribacterium-Glaciihabitans;s__endophyticum-faeni-tibetensis	0.0	0.0	0.0	0.0	0.0	1	0
k__Bacteria;p__Actinobacteria;c__Actinobacteria;o__Micrococcales;f__Microbacteriaceae;g__Labedella;s__endophytica	0.0	0.0	0.0	0.0	0.0	1	0
k__Bacteria;p__Actinobacteria;c__Actinobacteria;o__Micrococcales;f__Microbacteriaceae;g__Leucobacter;s__alluvii-chromiiresistens	0.0	0.0	0.0	0.0	0.0	1	0
k__Bacteria;p__Actinobacteria;c__Actinobacteria;o__Micrococcales;f__Microbacteriaceae;g__Microbacterium;s__barkeri	0.0	0.0	0.0	0.0	0.0	2	0
k__Bacteria;p__Actinobacteria;c__Actinobacteria;o__Micrococcales;f__Microbacteriaceae;g__Microbacterium;s__foliorum	0.0	0.0	0.0	0.0	0.0	1	0
k__Bacteria;p__Actinobacteria;c__Actinobacteria;o__Micrococcales;f__Microbacteriaceae;g__Microbacterium;s__ginsengisoli	0.0	0.0	0.0	0.0	0.0	1	0
k__Bacteria;p__Actinobacteria;c__Actinobacteria;o__Micrococcales;f__Microbacteriaceae;g__Microbacterium;s__hominis	0.0	0.0	0.0	0.0	0.0	2	0
k__Bacteria;p__Actinobacteria;c__Actinobacteria;o__Micrococcales;f__Microbacteriaceae;g__Microbacterium;s__hydrocarbonoxydans	0.0	0.0	0.0	0.0	0.0	2	0
k__Bacteria;p__Actinobacteria;c__Actinobacteria;o__Micrococcales;f__Microbacteriaceae;g__Microbacterium;s__maritypicum	0.0	0.0	0.0	0.0	0.0	2	0.0001
k__Bacteria;p__Actinobacteria;c__Actinobacteria;o__Micrococcales;f__Microbacteriaceae;g__Microbacterium;s__oleivorans	0.0	0.0	0.0	0.0	0.0	2	0.0002
k__Bacteria;p__Actinobacteria;c__Actinobacteria;o__Micrococcales;f__Microbacteriaceae;g__Microbacterium;s__testaceum	0.0	0.0	0.0	0.0	0.0	1	0
k__Bacteria;p__Actinobacteria;c__Actinobacteria;o__Micrococcales;f__Microbacteriaceae;g__Mycetocola;s__zhadangensis	0.0	0.0	0.0	0.0	0.0	2	0.0003
k__Bacteria;p__Actinobacteria;c__Actinobacteria;o__Micrococcales;f__Microbacteriaceae;g__Mycetocola-Plantibacter;s__flavus-zhadangensis	0.0	0.0	0.0	0.0	0.0	2	0.0003
k__Bacteria;p__Actinobacteria;c__Actinobacteria;o__Micrococcales;f__Microbacteriaceae;g__NA;s__sp6941	0.0	0.0	0.0	0.0	0.0	1	0
k__Bacteria;p__Actinobacteria;c__Actinobacteria;o__Micrococcales;f__Microbacteriaceae;g__NA;s__sp6942	0.0	0.0	0.0	0.0	0.0	2	0.0002
k__Bacteria;p__Actinobacteria;c__Actinobacteria;o__Micrococcales;f__Microbacteriaceae;g__Pseudoclavibacter;s__helvolus	0.0	0.0	0.0	0.0	0.0	1	0
k__Bacteria;p__Actinobacteria;c__Actinobacteria;o__Micrococcales;f__Microbacteriaceae;g__Rudaibacter;s__terrae	0.0	0.0	0.0	0.0	0.0	1	0
k__Bacteria;p__Actinobacteria;c__Actinobacteria;o__Micrococcales;f__Microbacteriaceae;g__Yonghaparkia;s__alkaliphila	0.0	0.0	0.0	0.0	0.0	1	0
k__Bacteria;p__Actinobacteria;c__Actinobacteria;o__Micrococcales;f__Micrococcaceae;g__Arthrobacter;s__agilis	0.0	0.0	0.0	0.0	0.0	2	0.0009
k__Bacteria;p__Actinobacteria;c__Actinobacteria;o__Micrococcales;f__Micrococcaceae;g__Arthrobacter;s__citreus	0.0	0.0	0.0	0.0	0.0	1	0
k__Bacteria;p__Actinobacteria;c__Actinobacteria;o__Micrococcales;f__Micrococcaceae;g__Arthrobacter;s__crystallopoietes	0.0	0.0	0.0	0.0	0.0	1	0
k__Bacteria;p__Actinobacteria;c__Actinobacteria;o__Micrococcales;f__Micrococcaceae;g__Arthrobacter;s__crystallopoietes-globiformis	0.0	0.0	0.0	0.0	0.0	1	0
k__Bacteria;p__Actinobacteria;c__Actinobacteria;o__Micrococcales;f__Micrococcaceae;g__Arthrobacter;s__flavus	0.0	0.0	0.0	0.0	0.0	2	0
k__Bacteria;p__Actinobacteria;c__Actinobacteria;o__Micrococcales;f__Micrococcaceae;g__Arthrobacter;s__gandavensis	0.0	0.0	0.0	0.0	0.0	1	0.0001
k__Bacteria;p__Actinobacteria;c__Actinobacteria;o__Micrococcales;f__Micrococcaceae;g__Arthrobacter;s__humicola	0.0	0.0	0.0	0.0	0.0	2	0.0001
k__Bacteria;p__Actinobacteria;c__Actinobacteria;o__Micrococcales;f__Micrococcaceae;g__Arthrobacter;s__luteolus	0.0	0.0	0.0	0.0	0.0	1	0.0001
k__Bacteria;p__Actinobacteria;c__Actinobacteria;o__Micrococcales;f__Micrococcaceae;g__Arthrobacter;s__parietis	0.0	0.0	0.0	0.0	0.0	1	0
k__Bacteria;p__Actinobacteria;c__Actinobacteria;o__Micrococcales;f__Micrococcaceae;g__Arthrobacter;s__pascens	0.0	0.0	0.0	0.0	0.0	1	0
k__Bacteria;p__Actinobacteria;c__Actinobacteria;o__Micrococcales;f__Micrococcaceae;g__Arthrobacter;s__psychrochitiniphilus	0.0	0.0	0.0	0.0	0.0	1	0
k__Bacteria;p__Actinobacteria;c__Actinobacteria;o__Micrococcales;f__Micrococcaceae;g__Arthrobacter-Glutamicibacter;s__arilaitensis	0.0	0.0	0.0	0.0	0.0	1	0.0001
k__Bacteria;p__Actinobacteria;c__Actinobacteria;o__Micrococcales;f__Micrococcaceae;g__Glutamicibacter;s__protophormiae	0.0	0.0	0.0	0.0	0.0	1	0
k__Bacteria;p__Actinobacteria;c__Actinobacteria;o__Micrococcales;f__Micrococcaceae;g__Kocuria;s__himachalensis	0.0	0.0	0.0	0.0	0.0	2	0
k__Bacteria;p__Actinobacteria;c__Actinobacteria;o__Micrococcales;f__Micrococcaceae;g__Kocuria;s__polaris	0.0	0.0	0.0	0.0	0.0	1	0
k__Bacteria;p__Actinobacteria;c__Actinobacteria;o__Micrococcales;f__Micrococcaceae;g__Micrococcus;s__terreus	0.0	0.0	0.0	0.0	0.0	1	0
k__Bacteria;p__Actinobacteria;c__Actinobacteria;o__Micrococcales;f__Micrococcaceae;g__Pseudarthrobacter;s__defluvii	0.0	0.0	0.0	0.0	0.0	2	0.0002
k__Bacteria;p__Actinobacteria;c__Actinobacteria;o__Micrococcales;f__Micrococcaceae;g__Rothia;s__nasimurium	0.0	0.0	0.0	0.0	0.0	1	0
k__Bacteria;p__Actinobacteria;c__Actinobacteria;o__Micrococcales;f__Promicromonosporaceae;g__Cellulosimicrobium;s__cellulans	0.0	0.0	0.0	0.0	0.0	1	0
k__Bacteria;p__Actinobacteria;c__Actinobacteria;o__Micrococcales;f__Sanguibacteraceae;g__Sanguibacter;s__antarcticus	0.0	0.0	0.0	0.0	0.0	2	0
k__Bacteria;p__Actinobacteria;c__Actinobacteria;o__Micrococcales;f__Sanguibacteraceae;g__Sanguibacter;s__inulinus	0.0	0.0	0.0	0.0	0.0	2	0
k__Bacteria;p__Actinobacteria;c__Actinobacteria;o__Micrococcales;f__Sanguibacteraceae;g__Sanguibacter;s__suarezii	0.0	0.0	0.0	0.0	0.0	1	0
k__Bacteria;p__Actinobacteria;c__Actinobacteria;o__Micromonosporales;f__Micromonosporaceae;g__Actinoplanes;s__capillaceus	0.0	0.0	0.0	0.0	0.0	1	0
k__Bacteria;p__Actinobacteria;c__Actinobacteria;o__Micromonosporales;f__Micromonosporaceae;g__Actinoplanes;s__capillaceus-utahensis	0.0	0.0	0.0	0.0	0.0	2	0
k__Bacteria;p__Actinobacteria;c__Actinobacteria;o__Micromonosporales;f__Micromonosporaceae;g__Actinoplanes;s__ferrugineus	0.0	0.0	0.0	0.0	0.0	1	0
k__Bacteria;p__Actinobacteria;c__Actinobacteria;o__Micromonosporales;f__Micromonosporaceae;g__Actinoplanes;s__nipponensis	0.0	0.0	0.0	0.0	0.0	2	0
k__Bacteria;p__Actinobacteria;c__Actinobacteria;o__Micromonosporales;f__Micromonosporaceae;g__Actinoplanes;s__palleronii	0.0	0.0	0.0	0.0	0.0	1	0
k__Bacteria;p__Actinobacteria;c__Actinobacteria;o__Micromonosporales;f__Micromonosporaceae;g__Actinoplanes;s__utahensis	0.0	0.0	0.0	0.0	0.0	1	0
k__Bacteria;p__Actinobacteria;c__Actinobacteria;o__Micromonosporales;f__Micromonosporaceae;g__Micromonospora;s__sp7444	0.0	0.0	0.0	0.0	0.0	1	0
k__Bacteria;p__Actinobacteria;c__Actinobacteria;o__Micromonosporales;f__Micromonosporaceae;g__Spirilliplanes;s__yamanashiensis	0.0	0.0	0.0	0.0	0.0	1	0
k__Bacteria;p__Actinobacteria;c__Actinobacteria;o__Propionibacteriales;f__Nocardioidaceae;g__Aeromicrobium;s__fastidiosum	0.0	0.0	0.0	0.0	0.0	1	0
k__Bacteria;p__Actinobacteria;c__Actinobacteria;o__Propionibacteriales;f__Nocardioidaceae;g__Aeromicrobium;s__ginsengisoli-panaciterrae	0.0	0.0	0.0	0.0	0.0	2	0
k__Bacteria;p__Actinobacteria;c__Actinobacteria;o__Propionibacteriales;f__Nocardioidaceae;g__Aeromicrobium;s__massiliense	0.0	0.0	0.0	0.0	0.0	2	0
k__Bacteria;p__Actinobacteria;c__Actinobacteria;o__Propionibacteriales;f__Nocardioidaceae;g__Marmoricola;s__sp7570	0.0	0.0	0.0	0.0	0.0	1	0
k__Bacteria;p__Actinobacteria;c__Actinobacteria;o__Propionibacteriales;f__Nocardioidaceae;g__Marmoricola;s__sp7575	0.0	0.0	0.0	0.0	0.0	2	0
k__Bacteria;p__Actinobacteria;c__Actinobacteria;o__Propionibacteriales;f__Nocardioidaceae;g__NA;s__sp7702	0.0	0.0	0.0	0.0	0.00163626446882	3	0.0001
k__Bacteria;p__Actinobacteria;c__Actinobacteria;o__Propionibacteriales;f__Nocardioidaceae;g__Nocardioides;s__alpinus	0.0	0.0	0.0	0.0	0.000955441674629	3	0
k__Bacteria;p__Actinobacteria;c__Actinobacteria;o__Propionibacteriales;f__Nocardioidaceae;g__Nocardioides;s__deserti	0.0	0.0	0.0	0.0	0.0	1	0
k__Bacteria;p__Actinobacteria;c__Actinobacteria;o__Propionibacteriales;f__Nocardioidaceae;g__Nocardioides;s__panacisoli	0.0	0.0	0.0	0.0	0.0	1	0
k__Bacteria;p__Actinobacteria;c__Actinobacteria;o__Propionibacteriales;f__Nocardioidaceae;g__Nocardioides;s__sp7658	0.0	0.0	0.0	0.0	0.0	2	0.0001
k__Bacteria;p__Actinobacteria;c__Actinobacteria;o__Propionibacteriales;f__Nocardioidaceae;g__Nocardioides;s__sp7662	0.0	0.0	0.0	0.0	0.0	1	0
k__Bacteria;p__Actinobacteria;c__Actinobacteria;o__Propionibacteriales;f__Nocardioidaceae;g__Nocardioides;s__sp7663	0.0	0.0	0.0	0.0	0.0	1	0
k__Bacteria;p__Actinobacteria;c__Actinobacteria;o__Propionibacteriales;f__Nocardioidaceae;g__Nocardioides;s__sp7686	0.0	0.0	0.0	0.0	0.0	2	0
k__Bacteria;p__Actinobacteria;c__Actinobacteria;o__Propionibacteriales;f__Nocardioidaceae;g__Nocardioides;s__sp7690	0.0	0.0	0.0	0.0	0.0	2	0.0004
k__Bacteria;p__Actinobacteria;c__Actinobacteria;o__Propionibacteriales;f__Nocardioidaceae;g__Nocardioides;s__terrigena	0.0	0.0	0.0	0.0	0.0	2	0
k__Bacteria;p__Actinobacteria;c__Actinobacteria;o__Propionibacteriales;f__Propionibacteriaceae;g__Friedmanniella;s__antarctica	0.0	0.0	0.0	0.0	0.0	2	0
k__Bacteria;p__Actinobacteria;c__Actinobacteria;o__Propionibacteriales;f__Propionibacteriaceae;g__Friedmanniella;s__capsulata	0.0	0.0	0.0	0.0	0.0	2	0.0001
k__Bacteria;p__Actinobacteria;c__Actinobacteria;o__Propionibacteriales;f__Propionibacteriaceae;g__Friedmanniella;s__luteola	0.0	0.0	0.0	0.0	0.0	1	0
k__Bacteria;p__Actinobacteria;c__Actinobacteria;o__Propionibacteriales;f__Propionibacteriaceae;g__Microlunatus;s__sp7741	0.0	0.0	0.0	0.0	0.0	1	0
k__Bacteria;p__Actinobacteria;c__Actinobacteria;o__Pseudonocardiales;f__Pseudonocardiaceae;g__Saccharothrix;s__carnea	0.0	0.0	0.0	0.0	0.0	1	0
k__Bacteria;p__Actinobacteria;c__Actinobacteria;o__Pseudonocardiales;f__Pseudonocardiaceae;g__Saccharothrix;s__tamanrassetensis	0.0	0.0	0.0	0.0	0.0	2	0
k__Bacteria;p__Actinobacteria;c__Actinobacteria;o__Streptosporangiales;f__NA;g__Motilibacter;s__peucedani	0.0	0.0	0.0	0.0	0.0	1	0
k__Bacteria;p__Actinobacteria;c__Coriobacteriia;o__Coriobacteriales;f__Coriobacteriaceae;g__Collinsella;s__aerofaciens	0.0	0.0	0.0	0.0	0.0	2	0.0004
k__Bacteria;p__Actinobacteria;c__Coriobacteriia;o__Coriobacteriales;f__Coriobacteriaceae;g__Collinsella;s__intestinalis	0.0	0.0	0.0327376697641	0.131066923241	0.188233557245	45	0.0478
k__Bacteria;p__Actinobacteria;c__Coriobacteriia;o__Coriobacteriales;f__Coriobacteriaceae;g__Collinsella;s__stercoris	0.0	0.0	0.0	0.00410911996347	0.031658562939	12	0.0032
k__Bacteria;p__Actinobacteria;c__Coriobacteriia;o__Coriobacteriales;f__Coriobacteriaceae;g__Collinsella;s__tanakaei	0.0	0.0	0.0	0.00338538822759	0.00629238884702	15	0.0013
k__Bacteria;p__Actinobacteria;c__Coriobacteriia;o__Coriobacteriales;f__Coriobacteriaceae;g__Enterorhabdus;s__caecimuris	0.0	0.0	0.0	0.0	0.0	1	0
k__Bacteria;p__Actinobacteria;c__Coriobacteriia;o__Coriobacteriales;f__Coriobacteriaceae;g__Gordonibacter;s__pamelaeae	0.0	0.0	0.0	0.0	0.0	1	0
k__Bacteria;p__Actinobacteria;c__Coriobacteriia;o__Coriobacteriales;f__Coriobacteriaceae;g__Slackia;s__faecicanis	0.0	0.0	0.0	0.0	0.0011772260274	5	0.0001
k__Bacteria;p__Actinobacteria;c__Coriobacteriia;o__Coriobacteriales;f__Coriobacteriaceae;g__Slackia;s__piriformis	0.0	0.0	0.0	0.00213792682182	0.00453781063983	12	0.0006
k__Bacteria;p__Actinobacteria;c__Thermoleophilia;o__Solirubrobacterales;f__Patulibacteraceae;g__Patulibacter;s__sp11087	0.0	0.0	0.0	0.0	0.0	1	0
k__Bacteria;p__Actinobacteria;c__Thermoleophilia;o__Solirubrobacterales;f__Solirubrobacteraceae;g__Solirubrobacter;s__sp11107	0.0	0.0	0.0	0.0	0.0	1	0
k__Bacteria;p__Bacteroidetes;c__Bacteroidia;o__Bacteroidales;f__Bacteroidaceae;g__Bacteroides;s__caccae	0.0	0.0	0.0	0.0	0.0	1	0
k__Bacteria;p__Bacteroidetes;c__Bacteroidia;o__Bacteroidales;f__Bacteroidaceae;g__Bacteroides;s__coprocola	0.0	0.0	0.00343090419526	0.0171154535182	0.0212171970966	30	0.0074
k__Bacteria;p__Bacteroidetes;c__Bacteroidia;o__Bacteroidales;f__Bacteroidaceae;g__Bacteroides;s__coprophilus	0.0	0.0	0.0	0.00103842159917	0.0413194840772	6	0.0034
k__Bacteria;p__Bacteroidetes;c__Bacteroidia;o__Bacteroidales;f__Bacteroidaceae;g__Bacteroides;s__fragilis	0.0	0.0	0.0	0.000919366178141	0.0194147649008	7	0.0077
k__Bacteria;p__Bacteroidetes;c__Bacteroidia;o__Bacteroidales;f__Bacteroidaceae;g__Bacteroides;s__massiliensis	0.0	0.0	0.0	0.0	0.0011885467315	3	0.0015
k__Bacteria;p__Bacteroidetes;c__Bacteroidia;o__Bacteroidales;f__Bacteroidaceae;g__Bacteroides;s__plebeius	0.0	0.0	0.0	0.0313833267897	0.060286360211	25	0.0109
k__Bacteria;p__Bacteroidetes;c__Bacteroidia;o__Bacteroidales;f__Bacteroidaceae;g__Bacteroides;s__rodentium	0.0	0.0	0.0	0.0	0.0	1	0
k__Bacteria;p__Bacteroidetes;c__Bacteroidia;o__Bacteroidales;f__Bacteroidaceae;g__Bacteroides;s__sp12233	0.0	0.0	0.0	0.146230943512	0.189784852195	27	0.0435
k__Bacteria;p__Bacteroidetes;c__Bacteroidia;o__Bacteroidales;f__Bacteroidaceae;g__Bacteroides;s__sp12233-sp12332	0.0	0.0	0.0	0.0	0.0	1	0.0001
k__Bacteria;p__Bacteroidetes;c__Bacteroidia;o__Bacteroidales;f__Bacteroidaceae;g__Bacteroides;s__sp12241	0.0	0.0	0.0	0.0	0.0	1	0
k__Bacteria;p__Bacteroidetes;c__Bacteroidia;o__Bacteroidales;f__Bacteroidaceae;g__Bacteroides;s__sp12254	0.0	0.0	0.0	0.000671919858286	0.0107496194825	6	0.0012
k__Bacteria;p__Bacteroidetes;c__Bacteroidia;o__Bacteroidales;f__Bacteroidaceae;g__Bacteroides;s__sp12255	0.0	0.0	0.0	0.0	0.000821140638997	3	0.0003
k__Bacteria;p__Bacteroidetes;c__Bacteroidia;o__Bacteroidales;f__Bacteroidaceae;g__Bacteroides;s__sp12255-sp12284	0.0	0.0	0.0	0.0	0.00291979160703	5	0.0005
k__Bacteria;p__Bacteroidetes;c__Bacteroidia;o__Bacteroidales;f__Bacteroidaceae;g__Bacteroides;s__sp12284	0.0	0.0	0.0	0.000970438936996	0.00465949820789	6	0.0006
k__Bacteria;p__Bacteroidetes;c__Bacteroidia;o__Bacteroidales;f__Bacteroidaceae;g__Bacteroides;s__sp12319	0.0	0.0	0.0	0.0	0.0	1	0
k__Bacteria;p__Bacteroidetes;c__Bacteroidia;o__Bacteroidales;f__Bacteroidaceae;g__Bacteroides;s__sp12322	0.0	0.0	0.0	0.0223269205601	0.0571966842502	16	0.0087
k__Bacteria;p__Bacteroidetes;c__Bacteroidia;o__Bacteroidales;f__Bacteroidaceae;g__Bacteroides;s__sp12324	0.0	0.0	0.0	0.0260970744681	0.0478741211918	16	0.0064
k__Bacteria;p__Bacteroidetes;c__Bacteroidia;o__Bacteroidales;f__Bacteroidaceae;g__Bacteroides;s__sp12332	0.0	0.0	0.0	0.00179211469534	0.0127020785219	6	0.0024
k__Bacteria;p__Bacteroidetes;c__Bacteroidia;o__Bacteroidales;f__Bacteroidaceae;g__Bacteroides;s__stercoris	0.0	0.0	0.0	0.0274728246174	0.0535378835316	18	0.0107
k__Bacteria;p__Bacteroidetes;c__Bacteroidia;o__Bacteroidales;f__Bacteroidaceae;g__Bacteroides;s__thetaiotaomicron	0.0	0.0	0.0	0.0	0.000703044724461	3	0.0002
k__Bacteria;p__Bacteroidetes;c__Bacteroidia;o__Bacteroidales;f__Bacteroidaceae;g__Bacteroides;s__uniformis	0.0	0.0	0.0	0.0	0.0	2	0
k__Bacteria;p__Bacteroidetes;c__Bacteroidia;o__Bacteroidales;f__Bacteroidaceae;g__Bacteroides;s__vulgatus	0.0	0.0	0.001520020846	0.129622794715	0.162393162393	29	0.0321
k__Bacteria;p__Bacteroidetes;c__Bacteroidia;o__Bacteroidales;f__Bacteroidaceae;g__Bacteroides;s__xylanisolvens	0.0	0.0	0.0	0.0	0.0	2	0.0002
k__Bacteria;p__Bacteroidetes;c__Bacteroidia;o__Bacteroidales;f__NA;g__gut;s__metagenome	0.0	0.0	0.0	0.0	0.00143963606	4	0.0001
k__Bacteria;p__Bacteroidetes;c__Bacteroidia;o__Bacteroidales;f__Porphyromonadaceae;g__Parabacteroides;s__distasonis	0.0	0.0	0.0	0.0022688598979	0.0106538315937	6	0.0011
k__Bacteria;p__Bacteroidetes;c__Bacteroidia;o__Bacteroidales;f__Porphyromonadaceae;g__Parabacteroides;s__gordonii	0.0	0.0	0.0	0.0	0.0	1	0
k__Bacteria;p__Bacteroidetes;c__Bacteroidia;o__Bacteroidales;f__Porphyromonadaceae;g__Parabacteroides;s__merdae	0.0	0.0	0.0	0.0	0.0	2	0.0002
k__Bacteria;p__Bacteroidetes;c__Bacteroidia;o__Bacteroidales;f__Porphyromonadaceae;g__Parabacteroides;s__sp13264	0.0	0.0	0.0	0.0	0.0	1	0
k__Bacteria;p__Bacteroidetes;c__Bacteroidia;o__Bacteroidales;f__Prevotellaceae;g__Alloprevotella;s__sp13492	0.0	0.0	0.0	0.0	0.00236826524571	3	0.0008
k__Bacteria;p__Bacteroidetes;c__Bacteroidia;o__Bacteroidales;f__Prevotellaceae;g__Alloprevotella;s__sp13495	0.0	0.0	0.0	0.0	0.0	2	0.0002
k__Bacteria;p__Bacteroidetes;c__Bacteroidia;o__Bacteroidales;f__Prevotellaceae;g__Alloprevotella;s__sp13497	0.0	0.0	0.0	0.0712043995278	0.11405300152	18	0.0218
k__Bacteria;p__Bacteroidetes;c__Bacteroidia;o__Bacteroidales;f__Prevotellaceae;g__Alloprevotella;s__sp13502	0.0	0.0	0.0	0.0	0.0	2	0.0006
k__Bacteria;p__Bacteroidetes;c__Bacteroidia;o__Bacteroidales;f__Prevotellaceae;g__NA;s__sp13870-sp13927	0.0	0.0	0.0	0.0	0.0	1	0
k__Bacteria;p__Bacteroidetes;c__Bacteroidia;o__Bacteroidales;f__Prevotellaceae;g__NA;s__sp13922	0.0	0.0	0.0	0.0	0.0	1	0
k__Bacteria;p__Bacteroidetes;c__Bacteroidia;o__Bacteroidales;f__Prevotellaceae;g__NA;s__sp13926	0.0	0.0	0.0	0.0751704754884	0.107778112752	20	0.0181
k__Bacteria;p__Bacteroidetes;c__Bacteroidia;o__Bacteroidales;f__Prevotellaceae;g__NA;s__sp13926-sp13931-sp13934	0.0	0.0	0.0	0.0	0.0	2	0.0003
k__Bacteria;p__Bacteroidetes;c__Bacteroidia;o__Bacteroidales;f__Prevotellaceae;g__NA;s__sp13926-sp13934	0.0	0.0	0.0	0.0	0.000962043029561	4	0
k__Bacteria;p__Bacteroidetes;c__Bacteroidia;o__Bacteroidales;f__Prevotellaceae;g__NA;s__sp13927	0.0	0.0	0.0	0.00532724505327	0.0408501658125	8	0.0035
k__Bacteria;p__Bacteroidetes;c__Bacteroidia;o__Bacteroidales;f__Prevotellaceae;g__NA;s__sp13936	0.0	0.0	0.0	0.0	0.00202839756592	3	0.001
k__Bacteria;p__Bacteroidetes;c__Bacteroidia;o__Bacteroidales;f__Prevotellaceae;g__NA;s__sp14118	0.0	0.0	0.0	0.0	0.0	2	0.0007
k__Bacteria;p__Bacteroidetes;c__Bacteroidia;o__Bacteroidales;f__Prevotellaceae;g__Prevotella;s__copri	0.0	0.0	0.0	0.0978839153566	0.138618346546	21	0.0236
k__Bacteria;p__Bacteroidetes;c__Cytophagia;o__Cytophagales;f__Cyclobacteriaceae;g__NA;s__sp15054	0.0	0.0	0.0	0.0	0.0	2	0
k__Bacteria;p__Bacteroidetes;c__Cytophagia;o__Cytophagales;f__Cytophagaceae;g__Adhaeribacter;s__sp15085	0.0	0.0	0.0	0.0	0.0	1	0
k__Bacteria;p__Bacteroidetes;c__Cytophagia;o__Cytophagales;f__Cytophagaceae;g__Adhaeribacter;s__sp15085-sp15088	0.0	0.0	0.0	0.0	0.0	1	0
k__Bacteria;p__Bacteroidetes;c__Cytophagia;o__Cytophagales;f__Cytophagaceae;g__Dyadobacter;s__hamtensis	0.0	0.0	0.0	0.0	0.0	1	0
k__Bacteria;p__Bacteroidetes;c__Cytophagia;o__Cytophagales;f__Cytophagaceae;g__Dyadobacter;s__psychrophilus	0.0	0.0	0.0	0.0	0.0	1	0
k__Bacteria;p__Bacteroidetes;c__Cytophagia;o__Cytophagales;f__Cytophagaceae;g__Hymenobacter;s__latericoloratus-luteus	0.0	0.0	0.0	0.0	0.0	1	0
k__Bacteria;p__Bacteroidetes;c__Cytophagia;o__Cytophagales;f__Cytophagaceae;g__Hymenobacter;s__luteus-norwichensis	0.0	0.0	0.0	0.0	0.0	1	0
k__Bacteria;p__Bacteroidetes;c__Cytophagia;o__Cytophagales;f__Cytophagaceae;g__Hymenobacter;s__rigui	0.0	0.0	0.0	0.0	0.0	1	0
k__Bacteria;p__Bacteroidetes;c__Cytophagia;o__Cytophagales;f__Cytophagaceae;g__Hymenobacter;s__soli	0.0	0.0	0.0	0.0	0.0	1	0
k__Bacteria;p__Bacteroidetes;c__Cytophagia;o__Cytophagales;f__Cytophagaceae;g__Hymenobacter;s__sp15222	0.0	0.0	0.0	0.0	0.0	1	0
k__Bacteria;p__Bacteroidetes;c__Cytophagia;o__Cytophagales;f__Cytophagaceae;g__Hymenobacter;s__sp15235	0.0	0.0	0.0	0.0	0.0	1	0
k__Bacteria;p__Bacteroidetes;c__Sphingobacteriia;o__Sphingobacteriales;f__Chitinophagaceae;g__Flavisolibacter;s__sp18193	0.0	0.0	0.0	0.0	0.0	1	0
k__Bacteria;p__Bacteroidetes;c__Sphingobacteriia;o__Sphingobacteriales;f__Chitinophagaceae;g__Flavisolibacter;s__sp18207	0.0	0.0	0.0	0.0	0.0	1	0
k__Bacteria;p__Bacteroidetes;c__Sphingobacteriia;o__Sphingobacteriales;f__Chitinophagaceae;g__NA;s__sp18441	0.0	0.0	0.0	0.0	0.0	2	0
k__Bacteria;p__Bacteroidetes;c__Sphingobacteriia;o__Sphingobacteriales;f__Chitinophagaceae;g__Parafilimonas;s__sp18273	0.0	0.0	0.0	0.0	0.0	2	0
k__Bacteria;p__Bacteroidetes;c__Sphingobacteriia;o__Sphingobacteriales;f__Sphingobacteriaceae;g__Arcticibacter;s__eurypsychrophilus	0.0	0.0	0.0	0.0	0.0	1	0
k__Bacteria;p__Bacteroidetes;c__Sphingobacteriia;o__Sphingobacteriales;f__Sphingobacteriaceae;g__Pedobacter;s__duraquae	0.0	0.0	0.0	0.0	0.0	1	0.0001
k__Bacteria;p__Bacteroidetes;c__Sphingobacteriia;o__Sphingobacteriales;f__Sphingobacteriaceae;g__Pedobacter;s__steynii	0.0	0.0	0.0	0.0	0.0	1	0
k__Bacteria;p__Chloroflexi;c__Anaerolineae;o__Anaerolineales;f__Anaerolineaceae;g__NA;s__sp20594	0.0	0.0	0.0	0.0	0.0	2	0
k__Bacteria;p__Cyanobacteria;c__Chloroplast;o__Bacillaria paxillifer;f__Bacillaria paxillifer;g__Bacillaria;s__paxillifer	0.0	0.0	0.0	0.0	0.0	1	0
k__Bacteria;p__Cyanobacteria;c__Chloroplast;o__Gossypium arboreum;f__Gossypium arboreum;g__NA;s__NA	0.0	0.0	0.0	0.0	0.0	2	0.0013
k__Bacteria;p__Cyanobacteria;c__Chloroplast;o__NA;f__NA;g__Brassica;s__napus	0.0	0.0	0.0	0.0	0.0	1	0
k__Bacteria;p__Cyanobacteria;c__Chloroplast;o__NA;f__NA;g__Sugarcane;s__phytoplasma	0.0	0.0	0.0	0.0	0.0	1	0
k__Bacteria;p__Cyanobacteria;c__Chloroplast;o__Pinus wallichiana;f__Pinus wallichiana;g__Pinus;s__wallichiana	0.0	0.0	0.0	0.0	0.000564579171371	3	0
k__Bacteria;p__Cyanobacteria;c__Chloroplast;o__Pseudendoclonium akinetum;f__NA;g__NA;s__sp22506	0.0	0.0	0.0	0.0	0.0	1	0
k__Bacteria;p__Firmicutes;c__Bacilli;o__Bacillales;f__Bacillaceae;g__Bacillus;s__niacini	0.0	0.0	0.0	0.0	0.0	2	0
k__Bacteria;p__Firmicutes;c__Bacilli;o__Bacillales;f__Planococcaceae;g__Planococcus;s__antarcticus	0.0	0.0	0.0	0.0	0.0	2	0.0006
k__Bacteria;p__Firmicutes;c__Bacilli;o__Bacillales;f__Planococcaceae;g__Planococcus;s__antarcticus-donghaensis-halocryophilus	0.0	0.0	0.0	0.0	0.0	2	0.0005
k__Bacteria;p__Firmicutes;c__Bacilli;o__Bacillales;f__Planococcaceae;g__Planococcus;s__donghaensis-halocryophilus	0.0	0.0	0.0	0.0	0.0	2	0.0001
k__Bacteria;p__Firmicutes;c__Bacilli;o__Bacillales;f__Planococcaceae;g__Planococcus;s__maitriensis-rifietoensis	0.0	0.0	0.0	0.0	0.0	1	0
k__Bacteria;p__Firmicutes;c__Bacilli;o__Bacillales;f__Planococcaceae;g__Planococcus;s__psychrotoleratus	0.0	0.0	0.0	0.0	0.0	2	0
k__Bacteria;p__Firmicutes;c__Bacilli;o__Bacillales;f__Planococcaceae;g__Planococcus;s__rifietoensis	0.0	0.0	0.0	0.0	0.0	1	0
k__Bacteria;p__Firmicutes;c__Bacilli;o__Bacillales;f__Planococcaceae;g__Planococcus-Planomicrobium;s__donghaensis-glaciei-halocryophilus	0.0	0.0	0.0	0.0	0.0	1	0
k__Bacteria;p__Firmicutes;c__Bacilli;o__Bacillales;f__Planococcaceae;g__Planococcus-Planomicrobium;s__maritimus-okeanokoites-psychrotoleratus	0.0	0.0	0.0	0.0	0.0	2	0
k__Bacteria;p__Firmicutes;c__Bacilli;o__Bacillales;f__Planococcaceae;g__Planomicrobium;s__chinense	0.0	0.0	0.0	0.0	0.0	2	0.0003
k__Bacteria;p__Firmicutes;c__Bacilli;o__Bacillales;f__Planococcaceae;g__Planomicrobium;s__glaciei	0.0	0.0	0.0	0.0	0.0	2	0.0008
k__Bacteria;p__Firmicutes;c__Bacilli;o__Bacillales;f__Planococcaceae;g__Planomicrobium;s__okeanokoites	0.0	0.0	0.0	0.0	0.0	1	0.0002
k__Bacteria;p__Firmicutes;c__Bacilli;o__Bacillales;f__Planococcaceae;g__Sporosarcina;s__pasteurii	0.0	0.0	0.0	0.0	0.0	1	0
k__Bacteria;p__Firmicutes;c__Bacilli;o__Bacillales;f__Staphylococcaceae;g__Staphylococcus;s__delphini-intermedius-pseudintermedius	0.0	0.0	0.0	0.0	0.000651502177879	4	0
k__Bacteria;p__Firmicutes;c__Bacilli;o__Bacillales;f__Staphylococcaceae;g__Staphylococcus;s__equorum	0.0	0.0	0.0	0.0	0.0	1	0.0003
k__Bacteria;p__Firmicutes;c__Bacilli;o__Bacillales;f__Staphylococcaceae;g__Staphylococcus;s__pseudintermedius	0.0	0.0	0.0	0.0	0.0	1	0
k__Bacteria;p__Firmicutes;c__Bacilli;o__Bacillales;f__Staphylococcaceae;g__Staphylococcus;s__saprophyticus	0.0	0.0	0.0	0.0	0.0	2	0
k__Bacteria;p__Firmicutes;c__Bacilli;o__Bacillales;f__Staphylococcaceae;g__Staphylococcus;s__succinus	0.0	0.0	0.0	0.0	0.0	1	0
k__Bacteria;p__Firmicutes;c__Bacilli;o__Bacillales;f__Staphylococcaceae;g__Staphylococcus;s__vitulinus	0.0	0.0	0.0	0.0	0.0	1	0.0002
k__Bacteria;p__Firmicutes;c__Bacilli;o__Lactobacillales;f__Carnobacteriaceae;g__Carnobacterium;s__inhibens	0.0	0.0	0.0	0.0	0.0	1	0
k__Bacteria;p__Firmicutes;c__Bacilli;o__Lactobacillales;f__Carnobacteriaceae;g__Desemzia;s__incerta	0.0	0.0	0.0	0.0	0.0	1	0
k__Bacteria;p__Firmicutes;c__Bacilli;o__Lactobacillales;f__Carnobacteriaceae;g__Granulicatella-bacterium;s__adiacens-enrichment	0.0	0.0	0.0	0.0	0.0	1	0
k__Bacteria;p__Firmicutes;c__Bacilli;o__Lactobacillales;f__Enterococcaceae;g__Enterococcus;s__cecorum	0.0	0.0	0.0	0.0	0.0	1	0.0004
k__Bacteria;p__Firmicutes;c__Bacilli;o__Lactobacillales;f__Enterococcaceae;g__Enterococcus;s__durans-faecium	0.0	0.0	0.0	0.0	0.0	1	0
k__Bacteria;p__Firmicutes;c__Bacilli;o__Lactobacillales;f__Enterococcaceae;g__Enterococcus;s__faecalis	0.0	0.0	0.0	0.0	0.0	2	0.0002
k__Bacteria;p__Firmicutes;c__Bacilli;o__Lactobacillales;f__Enterococcaceae;g__Enterococcus;s__faecium	0.0	0.0	0.0	0.0	0.0	1	0
k__Bacteria;p__Firmicutes;c__Bacilli;o__Lactobacillales;f__Enterococcaceae;g__Enterococcus;s__faecium-hirae	0.0	0.0	0.0	0.0	0.0	2	0.0002
k__Bacteria;p__Firmicutes;c__Bacilli;o__Lactobacillales;f__Lactobacillaceae;g__Lactobacillus;s__acidophilus	0.0	0.0	0.0	0.0	0.0	1	0
k__Bacteria;p__Firmicutes;c__Bacilli;o__Lactobacillales;f__Lactobacillaceae;g__Lactobacillus;s__animalis	0.0	0.0	0.0	0.0	0.0486225642905	5	0.0066
k__Bacteria;p__Firmicutes;c__Bacilli;o__Lactobacillales;f__Lactobacillaceae;g__Lactobacillus;s__johnsonii	0.0	0.0	0.0	0.0	0.0	1	0.0002
k__Bacteria;p__Firmicutes;c__Bacilli;o__Lactobacillales;f__Lactobacillaceae;g__Lactobacillus;s__reuteri	0.0	0.0	0.0	0.0	0.0	2	0
k__Bacteria;p__Firmicutes;c__Bacilli;o__Lactobacillales;f__Leuconostocaceae;g__Weissella;s__cibaria-confusa	0.0	0.0	0.0	0.0	0.0	2	0
k__Bacteria;p__Firmicutes;c__Bacilli;o__Lactobacillales;f__Streptococcaceae;g__Lactococcus;s__lactis	0.0	0.0	0.0	0.0	0.0	1	0.0023
k__Bacteria;p__Firmicutes;c__Bacilli;o__Lactobacillales;f__Streptococcaceae;g__Streptococcus;s__NA	0.0	0.0	0.0	0.0	0.0	1	0
k__Bacteria;p__Firmicutes;c__Bacilli;o__Lactobacillales;f__Streptococcaceae;g__Streptococcus;s__canis	0.0	0.0	0.0	0.0	0.0	1	0
k__Bacteria;p__Firmicutes;c__Bacilli;o__Lactobacillales;f__Streptococcaceae;g__Streptococcus;s__equinus	0.0	0.0	0.0	0.137556289403	0.299181917854	14	0.0396
k__Bacteria;p__Firmicutes;c__Bacilli;o__Lactobacillales;f__Streptococcaceae;g__Streptococcus;s__gallolyticus	0.0	0.0	0.0	0.0	0.0	1	0
k__Bacteria;p__Firmicutes;c__Bacilli;o__Lactobacillales;f__Streptococcaceae;g__Streptococcus;s__infantarius	0.0	0.0	0.0	0.0	0.0	1	0
k__Bacteria;p__Firmicutes;c__Bacilli;o__Lactobacillales;f__Streptococcaceae;g__Streptococcus;s__mitis	0.0	0.0	0.0	0.0	0.0	2	0
k__Bacteria;p__Firmicutes;c__Bacilli;o__Lactobacillales;f__Streptococcaceae;g__Streptococcus;s__salivarius	0.0	0.0	0.0	0.0	0.0	2	0
k__Bacteria;p__Firmicutes;c__Bacilli;o__Lactobacillales;f__Streptococcaceae;g__Streptococcus;s__salivarius-thermophilus	0.0	0.0	0.0	0.0	0.000285388127854	3	0.0004
k__Bacteria;p__Firmicutes;c__Clostridia;o__Clostridiales;f__Clostridiaceae;g__Clostridium;s__baratii	0.0	0.0	0.0	0.0	0.0	2	0.0001
k__Bacteria;p__Firmicutes;c__Clostridia;o__Clostridiales;f__Clostridiaceae;g__Clostridium;s__beijerinckii	0.0	0.0	0.0	0.0	0.00174581005587	5	0.0002
k__Bacteria;p__Firmicutes;c__Clostridia;o__Clostridiales;f__Clostridiaceae;g__Clostridium;s__beijerinckii-saccharoperbutylacetonicum	0.0	0.0	0.0	0.0	0.00251742835012	4	0.0001
k__Bacteria;p__Firmicutes;c__Clostridia;o__Clostridiales;f__Clostridiaceae;g__Clostridium;s__botulinum	0.0	0.0	0.0	0.0	0.0	2	0.0003
k__Bacteria;p__Firmicutes;c__Clostridia;o__Clostridiales;f__Clostridiaceae;g__Clostridium;s__botulinum-haemolyticum	0.0	0.0	0.0	0.0	0.0	1	0.0002
k__Bacteria;p__Firmicutes;c__Clostridia;o__Clostridiales;f__Clostridiaceae;g__Clostridium;s__celatum	0.0	0.0	0.0	0.00262659580966	0.00586132952109	11	0.0007
k__Bacteria;p__Firmicutes;c__Clostridia;o__Clostridiales;f__Clostridiaceae;g__Clostridium;s__paraputrificum	0.0	0.0	0.0	0.00464629278189	0.0212229277203	14	0.0019
k__Bacteria;p__Firmicutes;c__Clostridia;o__Clostridiales;f__Clostridiaceae;g__Clostridium;s__perfringens	0.0	0.0	0.0	0.0042560583688	0.0210714418674	15	0.0022
k__Bacteria;p__Firmicutes;c__Clostridia;o__Clostridiales;f__Clostridiaceae;g__Clostridium;s__saccharoperbutylacetonicum	0.0	0.0	0.0	0.0	0.0	1	0
k__Bacteria;p__Firmicutes;c__Clostridia;o__Clostridiales;f__Clostridiaceae;g__Clostridium;s__sardiniense	0.0	0.0	0.0	0.0	0.0	2	0
k__Bacteria;p__Firmicutes;c__Clostridia;o__Clostridiales;f__Clostridiaceae;g__Clostridium;s__sartagoforme	0.0	0.0	0.0	0.0	0.0010816072684	5	0.0002
k__Bacteria;p__Firmicutes;c__Clostridia;o__Clostridiales;f__Clostridiaceae;g__Clostridium;s__tertium	0.0	0.0	0.0	0.0	0.0	1	0
k__Bacteria;p__Firmicutes;c__Clostridia;o__Clostridiales;f__Family XIII;g__NA;s__sp31664	0.0	0.0	0.0	0.0	0.0	1	0
k__Bacteria;p__Firmicutes;c__Clostridia;o__Clostridiales;f__Lachnospiraceae;g__Anaerostipes;s__caccae	0.0	0.0	0.0	0.000506048484264	0.00156360522691	6	0.0002
k__Bacteria;p__Firmicutes;c__Clostridia;o__Clostridiales;f__Lachnospiraceae;g__Anaerostipes;s__hadrus	0.0	0.0	0.0	0.0	0.000460683539201	3	0.0003
k__Bacteria;p__Firmicutes;c__Clostridia;o__Clostridiales;f__Lachnospiraceae;g__Blautia;s__coccoides-producta	0.0	0.0	0.0	0.0	0.0	2	0
k__Bacteria;p__Firmicutes;c__Clostridia;o__Clostridiales;f__Lachnospiraceae;g__Blautia;s__hansenii	0.0018790421255	0.00565002893917	0.0260185847034	0.0709096367457	0.0849157243439	53	0.0324
k__Bacteria;p__Firmicutes;c__Clostridia;o__Clostridiales;f__Lachnospiraceae;g__Blautia;s__hansenii-producta	0.0	0.0	0.0	0.0	0.0	1	0
k__Bacteria;p__Firmicutes;c__Clostridia;o__Clostridiales;f__Lachnospiraceae;g__Blautia;s__luti	0.0	0.0	0.0	0.000374305375601	0.00093080980453	7	0.0001
k__Bacteria;p__Firmicutes;c__Clostridia;o__Clostridiales;f__Lachnospiraceae;g__Blautia;s__producta	0.0	0.0	0.000629758974065	0.0103643901375	0.012052226314	29	0.003
k__Bacteria;p__Firmicutes;c__Clostridia;o__Clostridiales;f__Lachnospiraceae;g__Blautia;s__sp31973	0.0	0.0	0.0128259283438	0.0531808434596	0.0600223338917	47	0.0214
k__Bacteria;p__Firmicutes;c__Clostridia;o__Clostridiales;f__Lachnospiraceae;g__Blautia;s__sp31973-sp32022	0.0	0.0	0.000552708270526	0.0139840182648	0.0245586435938	29	0.0036
k__Bacteria;p__Firmicutes;c__Clostridia;o__Clostridiales;f__Lachnospiraceae;g__Blautia;s__sp31993	0.0	0.0	0.0	0.0	0.0	1	0
k__Bacteria;p__Firmicutes;c__Clostridia;o__Clostridiales;f__Lachnospiraceae;g__Blautia;s__sp31993-sp33275	0.0	0.0	0.0	0.0	0.00129659643436	3	0.0001
k__Bacteria;p__Firmicutes;c__Clostridia;o__Clostridiales;f__Lachnospiraceae;g__Blautia;s__sp31993-sp33278	0.0	0.0	0.0	0.0	0.0	1	0
k__Bacteria;p__Firmicutes;c__Clostridia;o__Clostridiales;f__Lachnospiraceae;g__Blautia;s__sp32016	0.0	0.0	0.0	0.00550729134347	0.0274446245273	10	0.0033
k__Bacteria;p__Firmicutes;c__Clostridia;o__Clostridiales;f__Lachnospiraceae;g__Blautia;s__sp32020	0.0	0.0	0.0	0.0	0.00124820780973	3	0
k__Bacteria;p__Firmicutes;c__Clostridia;o__Clostridiales;f__Lachnospiraceae;g__Blautia;s__sp32022	0.0	0.0	0.0	0.0	0.000521201742303	4	0
k__Bacteria;p__Firmicutes;c__Clostridia;o__Clostridiales;f__Lachnospiraceae;g__Blautia;s__sp32024-sp32034-sp32041	0.0	0.0	0.0	0.0	0.0	2	0
k__Bacteria;p__Firmicutes;c__Clostridia;o__Clostridiales;f__Lachnospiraceae;g__Blautia;s__sp32032	0.0	0.0	0.0	0.0	0.0	2	0
k__Bacteria;p__Firmicutes;c__Clostridia;o__Clostridiales;f__Lachnospiraceae;g__Blautia;s__sp32034	0.0	0.0	0.00200142959257	0.0224162011173	0.0273114725581	38	0.0059
k__Bacteria;p__Firmicutes;c__Clostridia;o__Clostridiales;f__Lachnospiraceae;g__Blautia;s__sp32034-sp32041	0.0	0.0	0.0	0.0	0.0	1	0
k__Bacteria;p__Firmicutes;c__Clostridia;o__Clostridiales;f__Lachnospiraceae;g__Blautia;s__sp32041	0.0	0.0	0.0	0.0	0.00501956152654	5	0.0004
k__Bacteria;p__Firmicutes;c__Clostridia;o__Clostridiales;f__Lachnospiraceae;g__Blautia;s__sp32042	0.0	0.0	0.00698422269119	0.0310097965335	0.0392285776901	49	0.0124
k__Bacteria;p__Firmicutes;c__Clostridia;o__Clostridiales;f__Lachnospiraceae;g__Blautia;s__sp32049	0.0	0.0	0.0	0.0	0.0	2	0.0001
k__Bacteria;p__Firmicutes;c__Clostridia;o__Clostridiales;f__Lachnospiraceae;g__Cellulosilyticum;s__sp32136	0.0	0.0	0.0	0.0	0.000919366178141	3	0.0001
k__Bacteria;p__Firmicutes;c__Clostridia;o__Clostridiales;f__Lachnospiraceae;g__Epulopiscium;s__sp32231	0.0	0.0	0.0	0.0	0.0	1	0.0001
k__Bacteria;p__Firmicutes;c__Clostridia;o__Clostridiales;f__Lachnospiraceae;g__Fusicatenibacter;s__saccharivorans	0.0	0.0	0.0	0.0	0.0	1	0
k__Bacteria;p__Firmicutes;c__Clostridia;o__Clostridiales;f__Lachnospiraceae;g__Howardella;s__ureilytica	0.0	0.0	0.0	0.0	0.0	1	0
k__Bacteria;p__Firmicutes;c__Clostridia;o__Clostridiales;f__Lachnospiraceae;g__Lachnoclostridium;s__NA	0.0	0.0	0.0	0.0	0.0	1	0.0002
k__Bacteria;p__Firmicutes;c__Clostridia;o__Clostridiales;f__Lachnospiraceae;g__Lachnoclostridium;s__sp32318	0.0	0.0	0.0	0.0	0.00125698324022	5	0.0002
k__Bacteria;p__Firmicutes;c__Clostridia;o__Clostridiales;f__Lachnospiraceae;g__Lachnoclostridium;s__sp32318-sp32365	0.0	0.0	0.0	0.0	0.000546162613982	3	0.0001
k__Bacteria;p__Firmicutes;c__Clostridia;o__Clostridiales;f__Lachnospiraceae;g__Lachnoclostridium;s__sp32318-sp32365-sp33661	0.0	0.0	0.0	0.0	0.0	1	0
k__Bacteria;p__Firmicutes;c__Clostridia;o__Clostridiales;f__Lachnospiraceae;g__Lachnoclostridium;s__sp32350	0.0	0.0	0.0	0.0	0.0	2	0
k__Bacteria;p__Firmicutes;c__Clostridia;o__Clostridiales;f__Lachnospiraceae;g__Lachnoclostridium;s__sp32354	0.0	0.0	0.00169686685655	0.0123510480995	0.0278284501694	37	0.0054
k__Bacteria;p__Firmicutes;c__Clostridia;o__Clostridiales;f__Lachnospiraceae;g__Lachnoclostridium;s__sp32354-sp32371	0.0	0.0	0.0	0.00216008640346	0.00260937635905	8	0.0003
k__Bacteria;p__Firmicutes;c__Clostridia;o__Clostridiales;f__Lachnospiraceae;g__Lachnoclostridium;s__sp32362	0.0	0.0	0.0	0.0	0.0	1	0
k__Bacteria;p__Firmicutes;c__Clostridia;o__Clostridiales;f__Lachnospiraceae;g__Lachnoclostridium;s__sp32365-sp33737	0.0	0.0	0.0	0.0	0.0	2	0
k__Bacteria;p__Firmicutes;c__Clostridia;o__Clostridiales;f__Lachnospiraceae;g__Lachnoclostridium;s__sp32369	0.0	0.0	0.0	0.0014960106383	0.00664684274969	8	0.0006
k__Bacteria;p__Firmicutes;c__Clostridia;o__Clostridiales;f__Lachnospiraceae;g__Lachnoclostridium;s__sp32371	0.0	0.0	0.0	0.0	0.00060286360211	3	0.0003
k__Bacteria;p__Firmicutes;c__Clostridia;o__Clostridiales;f__Lachnospiraceae;g__Lachnoclostridium;s__sp32372	0.0	0.0	0.0	0.00131187685849	0.00251173965272	10	0.0003
k__Bacteria;p__Firmicutes;c__Clostridia;o__Clostridiales;f__Lachnospiraceae;g__Lachnoclostridium;s__sp32372-sp32430	0.0	0.0	0.00240253358087	0.00727085360966	0.0120684479135	33	0.003
k__Bacteria;p__Firmicutes;c__Clostridia;o__Clostridiales;f__Lachnospiraceae;g__Lachnoclostridium;s__sp32374	0.0	0.0	0.0	0.00116356382979	0.00206687827563	8	0.0002
k__Bacteria;p__Firmicutes;c__Clostridia;o__Clostridiales;f__Lachnospiraceae;g__Lachnoclostridium;s__sp32380	0.0	0.0	0.0	0.0	0.0	1	0
k__Bacteria;p__Firmicutes;c__Clostridia;o__Clostridiales;f__Lachnospiraceae;g__Lachnoclostridium;s__sp32387	0.0	0.0	0.0	0.0	0.0	2	0
k__Bacteria;p__Firmicutes;c__Clostridia;o__Clostridiales;f__Lachnospiraceae;g__Lachnoclostridium;s__sp32397	0.0	0.0	0.0	0.0	0.0	2	0
k__Bacteria;p__Firmicutes;c__Clostridia;o__Clostridiales;f__Lachnospiraceae;g__Lachnoclostridium;s__sp32399	0.0	0.0	0.0	0.000926101823708	0.00245884113748	8	0.0004
k__Bacteria;p__Firmicutes;c__Clostridia;o__Clostridiales;f__Lachnospiraceae;g__Lachnoclostridium;s__sp32399-sp32871	0.0	0.0	0.0	0.0	0.0	2	0.0001
k__Bacteria;p__Firmicutes;c__Clostridia;o__Clostridiales;f__Lachnospiraceae;g__Lachnoclostridium;s__sp32401	0.0	0.0	0.0	0.00323439878234	0.00364809339119	25	0.0013
k__Bacteria;p__Firmicutes;c__Clostridia;o__Clostridiales;f__Lachnospiraceae;g__Lachnoclostridium;s__sp32408	0.0	0.0	0.0	0.0	0.00137425561154	3	0.0001
k__Bacteria;p__Firmicutes;c__Clostridia;o__Clostridiales;f__Lachnospiraceae;g__Lachnoclostridium;s__sp32408-sp32428	0.0	0.0	0.0	0.0	0.0	1	0
k__Bacteria;p__Firmicutes;c__Clostridia;o__Clostridiales;f__Lachnospiraceae;g__Lachnoclostridium;s__sp32424	0.0	0.0	0.0	0.00161284128874	0.00571460481739	15	0.0007
k__Bacteria;p__Firmicutes;c__Clostridia;o__Clostridiales;f__Lachnospiraceae;g__Lachnoclostridium;s__sp32428	0.0	0.0	0.0	0.0	0.0	1	0
k__Bacteria;p__Firmicutes;c__Clostridia;o__Clostridiales;f__Lachnospiraceae;g__Lachnoclostridium;s__sp32430	0.0	0.0	0.0146356292886	0.0581717451524	0.0843112865718	49	0.0215
k__Bacteria;p__Firmicutes;c__Clostridia;o__Clostridiales;f__Lachnospiraceae;g__Lachnoclostridium;s__sp32431	0.0	0.0	0.0	0.0	0.0	1	0
k__Bacteria;p__Firmicutes;c__Clostridia;o__Clostridiales;f__Lachnospiraceae;g__Lachnoclostridium;s__sp32431-sp32436	0.0	0.0	0.0	0.0	0.0	1	0
k__Bacteria;p__Firmicutes;c__Clostridia;o__Clostridiales;f__Lachnospiraceae;g__Lachnoclostridium;s__sp32440	0.0	0.0	0.0	0.0	0.0	2	0
k__Bacteria;p__Firmicutes;c__Clostridia;o__Clostridiales;f__Lachnospiraceae;g__Lachnoclostridium;s__sp32443	0.0	0.0	0.00397853684073	0.0639297207967	0.0838447088291	32	0.0167
k__Bacteria;p__Firmicutes;c__Clostridia;o__Clostridiales;f__Lachnospiraceae;g__Lachnoclostridium;s__sp32443-sp33657	0.0	0.0	0.0	0.0	0.00708452760803	5	0.0005
k__Bacteria;p__Firmicutes;c__Clostridia;o__Clostridiales;f__Lachnospiraceae;g__Lachnoclostridium;s__sp32445	0.0	0.0	0.0	0.0	0.0	1	0.0002
k__Bacteria;p__Firmicutes;c__Clostridia;o__Clostridiales;f__Lachnospiraceae;g__Lachnoclostridium-Roseburia;s__sp32372-sp32430-sp33137	0.0	0.0	0.0	0.0	0.00401740877134	3	0.0002
k__Bacteria;p__Firmicutes;c__Clostridia;o__Clostridiales;f__Lachnospiraceae;g__Lachnospira;s__sp32451	0.0	0.0	0.0	0.0	0.00234460656152	5	0.0002
k__Bacteria;p__Firmicutes;c__Clostridia;o__Clostridiales;f__Lachnospiraceae;g__NA;s__sp32787	0.0	0.0	0.0	0.00459428416999	0.00902223527214	23	0.0016
k__Bacteria;p__Firmicutes;c__Clostridia;o__Clostridiales;f__Lachnospiraceae;g__NA;s__sp32787-sp32802	0.0	0.0	0.0	0.0	0.00114700177111	5	0.0001
k__Bacteria;p__Firmicutes;c__Clostridia;o__Clostridiales;f__Lachnospiraceae;g__NA;s__sp32802	0.0	0.0	0.0	0.0	0.0	1	0
k__Bacteria;p__Firmicutes;c__Clostridia;o__Clostridiales;f__Lachnospiraceae;g__NA;s__sp32847	0.0	0.0	0.0	0.0	0.000878319032498	5	0
k__Bacteria;p__Firmicutes;c__Clostridia;o__Clostridiales;f__Lachnospiraceae;g__NA;s__sp32854	0.0	0.0	0.0	0.0	0.0	1	0
k__Bacteria;p__Firmicutes;c__Clostridia;o__Clostridiales;f__Lachnospiraceae;g__NA;s__sp32858	0.0	0.0	0.0	0.00189069634703	0.00716025688344	11	0.0012
k__Bacteria;p__Firmicutes;c__Clostridia;o__Clostridiales;f__Lachnospiraceae;g__NA;s__sp32875	0.0	0.0	0.0	0.0	0.0	1	0
k__Bacteria;p__Firmicutes;c__Clostridia;o__Clostridiales;f__Lachnospiraceae;g__NA;s__sp32950	0.0	0.0	0.0	0.0	0.0	1	0
k__Bacteria;p__Firmicutes;c__Clostridia;o__Clostridiales;f__Lachnospiraceae;g__NA;s__sp33275	0.0	0.0	0.0	0.00964265456608	0.013829694703	20	0.0022
k__Bacteria;p__Firmicutes;c__Clostridia;o__Clostridiales;f__Lachnospiraceae;g__NA;s__sp33275-sp33551	0.0	0.0	0.0	0.0	0.0	1	0.0001
k__Bacteria;p__Firmicutes;c__Clostridia;o__Clostridiales;f__Lachnospiraceae;g__NA;s__sp33278	0.0	0.0	0.0	0.0	0.000651502177879	3	0
k__Bacteria;p__Firmicutes;c__Clostridia;o__Clostridiales;f__Lachnospiraceae;g__NA;s__sp33324	0.0	0.0	0.0	0.0	0.0	1	0
k__Bacteria;p__Firmicutes;c__Clostridia;o__Clostridiales;f__Lachnospiraceae;g__NA;s__sp33328	0.0	0.0	0.0	0.0	0.0	1	0
k__Bacteria;p__Firmicutes;c__Clostridia;o__Clostridiales;f__Lachnospiraceae;g__NA;s__sp33329	0.0	0.0	0.0	0.0	0.0	1	0
k__Bacteria;p__Firmicutes;c__Clostridia;o__Clostridiales;f__Lachnospiraceae;g__NA;s__sp33387	0.0	0.0	0.0	0.00597619162369	0.00918977963526	21	0.0015
k__Bacteria;p__Firmicutes;c__Clostridia;o__Clostridiales;f__Lachnospiraceae;g__NA;s__sp33411-sp33422	0.0	0.0	0.0	0.0	0.0	1	0
k__Bacteria;p__Firmicutes;c__Clostridia;o__Clostridiales;f__Lachnospiraceae;g__NA;s__sp33411-sp33422-sp33551	0.0	0.0	0.0	0.0	0.0	1	0
k__Bacteria;p__Firmicutes;c__Clostridia;o__Clostridiales;f__Lachnospiraceae;g__NA;s__sp33422	0.0	0.000979801025023	0.0105491777847	0.0415957647949	0.0706289546266	50	0.0179
k__Bacteria;p__Firmicutes;c__Clostridia;o__Clostridiales;f__Lachnospiraceae;g__NA;s__sp33453	0.0	0.0	0.0	0.0	0.0	1	0
k__Bacteria;p__Firmicutes;c__Clostridia;o__Clostridiales;f__Lachnospiraceae;g__NA;s__sp33493	0.0	0.0	0.0	0.0	0.0	1	0
k__Bacteria;p__Firmicutes;c__Clostridia;o__Clostridiales;f__Lachnospiraceae;g__NA;s__sp33551	0.0	0.0	0.0	0.0	0.0021354403011	3	0.0002
k__Bacteria;p__Firmicutes;c__Clostridia;o__Clostridiales;f__Lachnospiraceae;g__NA;s__sp33589	0.0	0.0	0.0	0.0	0.0	1	0
k__Bacteria;p__Firmicutes;c__Clostridia;o__Clostridiales;f__Lachnospiraceae;g__NA;s__sp33635	0.0	0.0	0.0	0.0	0.0	2	0
k__Bacteria;p__Firmicutes;c__Clostridia;o__Clostridiales;f__Lachnospiraceae;g__NA;s__sp33656	0.0	0.0	0.0	0.00113036925396	0.00447108066971	14	0.0005
k__Bacteria;p__Firmicutes;c__Clostridia;o__Clostridiales;f__Lachnospiraceae;g__NA;s__sp33657	0.0	0.0	0.0	0.0	0.0	1	0
k__Bacteria;p__Firmicutes;c__Clostridia;o__Clostridiales;f__Lachnospiraceae;g__NA;s__sp33707	0.0	0.0	0.0034176874928	0.0108029343785	0.0113361378951	42	0.0041
k__Bacteria;p__Firmicutes;c__Clostridia;o__Clostridiales;f__Lachnospiraceae;g__NA;s__sp33719	0.0	0.0	0.0	0.0	0.0	1	0
k__Bacteria;p__Firmicutes;c__Clostridia;o__Clostridiales;f__Lachnospiraceae;g__NA;s__sp33739	0.0	0.0	0.0	0.0	0.00108100804	4	0.0003
k__Bacteria;p__Firmicutes;c__Clostridia;o__Clostridiales;f__Lachnospiraceae;g__Roseburia;s__sp33137	0.0	0.0	0.0	0.0	0.0	2	0
k__Bacteria;p__Firmicutes;c__Clostridia;o__Clostridiales;f__Lachnospiraceae;g__Roseburia;s__sp33178	0.0	0.0	0.0	0.0	0.0	1	0
k__Bacteria;p__Firmicutes;c__Clostridia;o__Clostridiales;f__Lachnospiraceae;g__Ruminococcus;s__sp33403	0.0	0.0	0.0	0.0	0.0	2	0
k__Bacteria;p__Firmicutes;c__Clostridia;o__Clostridiales;f__Lachnospiraceae;g__Tyzzerella;s__sp33297	0.0	0.0	0.0	0.0	0.0	1	0
k__Bacteria;p__Firmicutes;c__Clostridia;o__Clostridiales;f__Lachnospiraceae;g__Tyzzerella;s__sp33301	0.0	0.0	0.0	0.0	0.0	1	0
k__Bacteria;p__Firmicutes;c__Clostridia;o__Clostridiales;f__Lachnospiraceae;g__Tyzzerella;s__sp33302	0.0	0.0	0.0	0.0	0.000575840858526	4	0.0005
k__Bacteria;p__Firmicutes;c__Clostridia;o__Clostridiales;f__NA;g__*Arthromitus;s__sp30491	0.0	0.0	0.0	0.0	0.0	1	0.0004
k__Bacteria;p__Firmicutes;c__Clostridia;o__Clostridiales;f__NA;g__NA;s__NA	0.0	0.0	0.0	0.0	0.00244712462856	5	0.0002
k__Bacteria;p__Firmicutes;c__Clostridia;o__Clostridiales;f__NA;g__NA;s__sp30544	0.0	0.0	0.0	0.0	0.0	1	0.0001
k__Bacteria;p__Firmicutes;c__Clostridia;o__Clostridiales;f__NA;g__Sarcina;s__ventriculi	0.0	0.0	0.0	0.0	0.0	1	0
k__Bacteria;p__Firmicutes;c__Clostridia;o__Clostridiales;f__Peptococcaceae;g__Peptococcus;s__sp34119	0.0	0.0	0.0	0.0	0.00116351225566	3	0.0001
k__Bacteria;p__Firmicutes;c__Clostridia;o__Clostridiales;f__Peptostreptococcaceae;g__Intestinibacter;s__bartlettii	0.0	0.0	0.0	0.00351271198641	0.0110078627591	9	0.001
k__Bacteria;p__Firmicutes;c__Clostridia;o__Clostridiales;f__Peptostreptococcaceae;g__Intestinibacter;s__sp34280	0.0	0.0	0.0	0.0012771699841	0.00291193894969	9	0.0005
k__Bacteria;p__Firmicutes;c__Clostridia;o__Clostridiales;f__Peptostreptococcaceae;g__Intestinibacter-Terrisporobacter;s__sp34280-sp34393	0.0	0.0	0.0	0.00295729320692	0.00464756003098	13	0.0006
k__Bacteria;p__Firmicutes;c__Clostridia;o__Clostridiales;f__Peptostreptococcaceae;g__Paeniclostridium;s__sordellii	0.0	0.0	0.0	0.0	0.0	1	0
k__Bacteria;p__Firmicutes;c__Clostridia;o__Clostridiales;f__Peptostreptococcaceae;g__Paraclostridium;s__bifermentans	0.0	0.0	0.0	0.0	0.00279242941359	4	0.0002
k__Bacteria;p__Firmicutes;c__Clostridia;o__Clostridiales;f__Peptostreptococcaceae;g__Peptoclostridium;s__difficile	0.0	0.0	0.0	0.00277946668983	0.0175220377481	6	0.0031
k__Bacteria;p__Firmicutes;c__Clostridia;o__Clostridiales;f__Peptostreptococcaceae;g__Peptoclostridium;s__sp34341	0.0	0.0	0.0484021098356	0.0938526012332	0.125609615606	43	0.0476
k__Bacteria;p__Firmicutes;c__Clostridia;o__Clostridiales;f__Peptostreptococcaceae;g__Romboutsia;s__ilealis	0.0	0.0	0.0	0.00108100804	0.00591280395137	8	0.0006
k__Bacteria;p__Firmicutes;c__Clostridia;o__Clostridiales;f__Peptostreptococcaceae;g__Romboutsia;s__ilealis-lituseburensis	0.0	0.0	0.0	0.0	0.0	2	0
k__Bacteria;p__Firmicutes;c__Clostridia;o__Clostridiales;f__Peptostreptococcaceae;g__Romboutsia;s__lituseburensis	0.0	0.0	0.0	0.00556653332691	0.00958878849345	14	0.0013
k__Bacteria;p__Firmicutes;c__Clostridia;o__Clostridiales;f__Peptostreptococcaceae;g__Terrisporobacter;s__sp34390	0.0	0.0	0.0	0.0	0.0010578475586	5	0.0005
k__Bacteria;p__Firmicutes;c__Clostridia;o__Clostridiales;f__Peptostreptococcaceae;g__Terrisporobacter;s__sp34393	0.0	0.0	0.0	0.00257326661901	0.00600156562582	10	0.0006
k__Bacteria;p__Firmicutes;c__Clostridia;o__Clostridiales;f__Ruminococcaceae;g__Anaerotruncus;s__sp34474	0.0	0.0	0.0	0.0	0.0	1	0
k__Bacteria;p__Firmicutes;c__Clostridia;o__Clostridiales;f__Ruminococcaceae;g__Butyricicoccus;s__pullicaecorum	0.0	0.0	0.0	0.00719273743017	0.0112058374595	26	0.0021
k__Bacteria;p__Firmicutes;c__Clostridia;o__Clostridiales;f__Ruminococcaceae;g__Faecalibacterium;s__prausnitzii	0.0	0.0	0.0	0.0	0.0	1	0
k__Bacteria;p__Firmicutes;c__Clostridia;o__Clostridiales;f__Ruminococcaceae;g__Faecalibacterium;s__sp34534	0.0	0.0	0.0102605742969	0.0755217118897	0.0925639039504	35	0.0264
k__Bacteria;p__Firmicutes;c__Clostridia;o__Clostridiales;f__Ruminococcaceae;g__Faecalibacterium;s__sp34557	0.0	0.0	0.0	0.0	0.0	2	0
k__Bacteria;p__Firmicutes;c__Clostridia;o__Clostridiales;f__Ruminococcaceae;g__Flavonifractor;s__plautii	0.0	0.0	0.0	0.00272302279628	0.00333313132537	13	0.001
k__Bacteria;p__Firmicutes;c__Clostridia;o__Clostridiales;f__Ruminococcaceae;g__NA;s__sp34793	0.0	0.0	0.0	0.0	0.0	1	0
k__Bacteria;p__Firmicutes;c__Clostridia;o__Clostridiales;f__Ruminococcaceae;g__NA;s__sp34794	0.0	0.0	0.0	0.0	0.0015531660693	4	0.0001
k__Bacteria;p__Firmicutes;c__Clostridia;o__Clostridiales;f__Ruminococcaceae;g__NA;s__sp34850	0.0	0.0	0.0	0.0	0.000403098096801	3	0.0001
k__Bacteria;p__Firmicutes;c__Clostridia;o__Clostridiales;f__Ruminococcaceae;g__NA;s__sp35073	0.0	0.0	0.0	0.0	0.0	1	0.0001
k__Bacteria;p__Firmicutes;c__Clostridia;o__Clostridiales;f__Ruminococcaceae;g__NA;s__sp35103	0.0	0.0	0.0	0.0	0.0	2	0.0001
k__Bacteria;p__Firmicutes;c__Clostridia;o__Clostridiales;f__Ruminococcaceae;g__NA;s__sp35327	0.0	0.0	0.0	0.0	0.00125615516029	3	0
k__Bacteria;p__Firmicutes;c__Clostridia;o__Clostridiales;f__Ruminococcaceae;g__NA;s__sp35333	0.0	0.0	0.0	0.0	0.0	1	0
k__Bacteria;p__Firmicutes;c__Clostridia;o__Clostridiales;f__Ruminococcaceae;g__NA;s__sp35341	0.0	0.0	0.0	0.0	0.0	1	0
k__Bacteria;p__Firmicutes;c__Clostridia;o__Clostridiales;f__Ruminococcaceae;g__NA;s__sp35707	0.0	0.0	0.0	0.00711321873148	0.0153637917933	21	0.0024
k__Bacteria;p__Firmicutes;c__Clostridia;o__Clostridiales;f__Ruminococcaceae;g__NA;s__sp35772	0.0	0.0	0.0	0.0	0.0	1	0
k__Bacteria;p__Firmicutes;c__Clostridia;o__Clostridiales;f__Ruminococcaceae;g__NA;s__sp35773	0.0	0.0	0.0	0.0	0.0	2	0.0001
k__Bacteria;p__Firmicutes;c__Clostridia;o__Clostridiales;f__Ruminococcaceae;g__Oscillibacter;s__sp34635	0.0	0.0	0.0	0.0	0.0	1	0
k__Bacteria;p__Firmicutes;c__Clostridia;o__Clostridiales;f__Ruminococcaceae;g__Oscillospira;s__sp34659	0.0	0.0	0.0	0.0	0.0	1	0.0001
k__Bacteria;p__Firmicutes;c__Clostridia;o__Clostridiales;f__Ruminococcaceae;g__Oscillospira;s__sp34661	0.0	0.0	0.0	0.0	0.0	1	0
k__Bacteria;p__Firmicutes;c__Clostridia;o__Clostridiales;f__Ruminococcaceae;g__Ruminiclostridium;s__sp34914	0.0	0.0	0.0	0.0	0.0	2	0
k__Bacteria;p__Firmicutes;c__Erysipelotrichia;o__Erysipelotrichales;f__Erysipelotrichaceae;g__Allobaculum;s__stercoricanis	0.0	0.0	0.0	0.00603153495441	0.0131940626718	18	0.0021
k__Bacteria;p__Firmicutes;c__Erysipelotrichia;o__Erysipelotrichales;f__Erysipelotrichaceae;g__Catenibacterium;s__mitsuokai	0.0	0.0	0.0	0.0407496733997	0.077836798975	19	0.011
k__Bacteria;p__Firmicutes;c__Erysipelotrichia;o__Erysipelotrichales;f__Erysipelotrichaceae;g__Erysipelatoclostridium;s__ramosum	0.0	0.0	0.0	0.00469180440771	0.0130333675842	17	0.0018
k__Bacteria;p__Firmicutes;c__Erysipelotrichia;o__Erysipelotrichales;f__Erysipelotrichaceae;g__Erysipelatoclostridium;s__sp36616	0.0	0.0	0.0	0.00828202749431	0.0107572805168	24	0.0032
k__Bacteria;p__Firmicutes;c__Erysipelotrichia;o__Erysipelotrichales;f__Erysipelotrichaceae;g__Erysipelatoclostridium;s__sp36621	0.0	0.0	0.0	0.00186130291204	0.00263495709749	10	0.0004
k__Bacteria;p__Firmicutes;c__Erysipelotrichia;o__Erysipelotrichales;f__Erysipelotrichaceae;g__Faecalitalea;s__sp36732	0.0	0.0	0.0	0.00806128713664	0.0217443249701	21	0.0031
k__Bacteria;p__Firmicutes;c__Erysipelotrichia;o__Erysipelotrichales;f__Erysipelotrichaceae;g__Holdemanella;s__biformis	0.0	0.0	0.0	0.0221157390343	0.0278441325769	18	0.0056
k__Bacteria;p__Firmicutes;c__Erysipelotrichia;o__Erysipelotrichales;f__Erysipelotrichaceae;g__NA;s__sp36686	0.0	0.0	0.0	0.00294856394016	0.0151207818551	10	0.0027
k__Bacteria;p__Firmicutes;c__Erysipelotrichia;o__Erysipelotrichales;f__Erysipelotrichaceae;g__NA;s__sp36741	0.0	0.0	0.0	0.0	0.0062192417933	5	0.0008
k__Bacteria;p__Firmicutes;c__Erysipelotrichia;o__Erysipelotrichales;f__Erysipelotrichaceae;g__NA;s__sp36773	0.0	0.0	0.0	0.000518268981601	0.0024303073624	6	0.0002
k__Bacteria;p__Firmicutes;c__Erysipelotrichia;o__Erysipelotrichales;f__Erysipelotrichaceae;g__Solobacterium;s__moorei	0.0	0.0	0.0	0.0	0.0	1	0
k__Bacteria;p__Firmicutes;c__Erysipelotrichia;o__Erysipelotrichales;f__Erysipelotrichaceae;g__Turicibacter;s__sanguinis	0.0	0.0	0.0	0.0105824733252	0.0234187718975	16	0.0031
k__Bacteria;p__Firmicutes;c__Negativicutes;o__Selenomonadales;f__Acidaminococcaceae;g__Phascolarctobacterium;s__sp36829	0.0	0.0	0.0	0.0	0.0014245014245	3	0.0006
k__Bacteria;p__Firmicutes;c__Negativicutes;o__Selenomonadales;f__Acidaminococcaceae;g__Phascolarctobacterium;s__sp36836	0.0	0.0	0.0	0.0	0.00502225773314	5	0.0009
k__Bacteria;p__Firmicutes;c__Negativicutes;o__Selenomonadales;f__Acidaminococcaceae;g__Phascolarctobacterium;s__succinatutens	0.0	0.0	0.0	0.0084906236638	0.023042481162	10	0.0025
k__Bacteria;p__Firmicutes;c__Negativicutes;o__Selenomonadales;f__Veillonellaceae;g__Allisonella;s__histaminiformans	0.0	0.0	0.0	0.0	0.0	2	0
k__Bacteria;p__Firmicutes;c__Negativicutes;o__Selenomonadales;f__Veillonellaceae;g__Dialister;s__sp36926	0.0	0.0	0.0	0.0	0.00336331847423	3	0.0005
k__Bacteria;p__Firmicutes;c__Negativicutes;o__Selenomonadales;f__Veillonellaceae;g__Dialister;s__sp36936	0.0	0.0	0.0	0.0	0.0	1	0
k__Bacteria;p__Firmicutes;c__Negativicutes;o__Selenomonadales;f__Veillonellaceae;g__Megamonas;s__funiformis	0.0	0.0	0.0455123931883	0.239975881821	0.297006958989	44	0.0839
k__Bacteria;p__Firmicutes;c__Negativicutes;o__Selenomonadales;f__Veillonellaceae;g__Megasphaera;s__sp36946	0.0	0.0	0.0	0.0	0.0	2	0
k__Bacteria;p__Fusobacteria;c__Fusobacteriia;o__Fusobacteriales;f__Fusobacteriaceae;g__Fusobacterium;s__mortiferum	0.0	0.0	0.0	0.189458689459	0.323256273464	23	0.0449
k__Bacteria;p__Fusobacteria;c__Fusobacteriia;o__Fusobacteriales;f__Fusobacteriaceae;g__Fusobacterium;s__necrogenes	0.0	0.0	0.0	0.0	0.00296384113811	5	0.0013
k__Bacteria;p__Fusobacteria;c__Fusobacteriia;o__Fusobacteriales;f__Fusobacteriaceae;g__Fusobacterium;s__sp37458	0.0	0.0	0.0	0.0	0.0	2	0.0001
k__Bacteria;p__Fusobacteria;c__Fusobacteriia;o__Fusobacteriales;f__Fusobacteriaceae;g__Fusobacterium;s__sp37459	0.0	0.0	0.00370041444642	0.05601881548	0.0947756518386	29	0.0181
k__Bacteria;p__Fusobacteria;c__Fusobacteriia;o__Fusobacteriales;f__Fusobacteriaceae;g__Fusobacterium;s__sp37459-sp37464	0.0	0.0	0.0	0.0920937554662	0.146147939596	21	0.0266
k__Bacteria;p__Fusobacteria;c__Fusobacteriia;o__Fusobacteriales;f__Fusobacteriaceae;g__Fusobacterium;s__sp37464	0.0	0.0	0.000578783452305	0.0437129500217	0.0520632884328	28	0.0138
k__Bacteria;p__Fusobacteria;c__Fusobacteriia;o__Fusobacteriales;f__Fusobacteriaceae;g__Fusobacterium;s__varium	0.0	0.0	0.0409456388743	0.217932162534	0.241731601732	38	0.0717
k__Bacteria;p__Gemmatimonadetes;c__Gemmatimonadetes;o__Gemmatimonadales;f__Gemmatimonadaceae;g__NA;s__sp37959	0.0	0.0	0.0	0.0	0.0	1	0
k__Bacteria;p__Gemmatimonadetes;c__Gemmatimonadetes;o__Gemmatimonadales;f__Gemmatimonadaceae;g__NA;s__sp38006	0.0	0.0	0.0	0.0	0.0	1	0
k__Bacteria;p__NA;c__NA;o__NA;f__NA;g__NA;s__NA	0.0	0.0	0.0	0.0	0.0	1	0
k__Bacteria;p__Planctomycetes;c__Planctomycetacia;o__Planctomycetales;f__Planctomycetaceae;g__NA;s__sp42446	0.0	0.0	0.0	0.0	0.0	1	0
k__Bacteria;p__Planctomycetes;c__Planctomycetacia;o__Planctomycetales;f__Planctomycetaceae;g__Singulisphaera;s__sp42084	0.0	0.0	0.0	0.0	0.0	2	0
k__Bacteria;p__Proteobacteria;c__Alphaproteobacteria;o__Caulobacterales;f__Caulobacteraceae;g__Brevundimonas;s__aveniformis-viscosa	0.0	0.0	0.0	0.0	0.0	1	0
k__Bacteria;p__Proteobacteria;c__Alphaproteobacteria;o__Caulobacterales;f__Caulobacteraceae;g__Brevundimonas;s__bacteroides	0.0	0.0	0.0	0.0	0.0	1	0
k__Bacteria;p__Proteobacteria;c__Alphaproteobacteria;o__Caulobacterales;f__Caulobacteraceae;g__Brevundimonas;s__intermedia-nasdae	0.0	0.0	0.0	0.0	0.0	2	0
k__Bacteria;p__Proteobacteria;c__Alphaproteobacteria;o__Caulobacterales;f__Caulobacteraceae;g__Brevundimonas;s__lenta	0.0	0.0	0.0	0.0	0.0006080083384	3	0
k__Bacteria;p__Proteobacteria;c__Alphaproteobacteria;o__Caulobacterales;f__Caulobacteraceae;g__Brevundimonas;s__mediterranea	0.0	0.0	0.0	0.0	0.0	1	0
k__Bacteria;p__Proteobacteria;c__Alphaproteobacteria;o__Caulobacterales;f__Caulobacteraceae;g__Brevundimonas;s__olei	0.0	0.0	0.0	0.0	0.0	1	0
k__Bacteria;p__Proteobacteria;c__Alphaproteobacteria;o__Caulobacterales;f__Caulobacteraceae;g__Brevundimonas;s__terrae	0.0	0.0	0.0	0.0	0.0	1	0
k__Bacteria;p__Proteobacteria;c__Alphaproteobacteria;o__Caulobacterales;f__Caulobacteraceae;g__Brevundimonas;s__vesicularis	0.0	0.0	0.0	0.0	0.0	1	0
k__Bacteria;p__Proteobacteria;c__Alphaproteobacteria;o__Caulobacterales;f__Caulobacteraceae;g__Caulobacter;s__NA	0.0	0.0	0.0	0.0	0.0	2	0
k__Bacteria;p__Proteobacteria;c__Alphaproteobacteria;o__Caulobacterales;f__Caulobacteraceae;g__Phenylobacterium;s__conjunctum	0.0	0.0	0.0	0.0	0.0	2	0
k__Bacteria;p__Proteobacteria;c__Alphaproteobacteria;o__Rhizobiales;f__Aurantimonadaceae;g__Aureimonas;s__sp43173	0.0	0.0	0.0	0.0	0.0	1	0
k__Bacteria;p__Proteobacteria;c__Alphaproteobacteria;o__Rhizobiales;f__Aurantimonadaceae;g__Aureimonas;s__sp43179	0.0	0.0	0.0	0.0	0.0	1	0
k__Bacteria;p__Proteobacteria;c__Alphaproteobacteria;o__Rhizobiales;f__Bradyrhizobiaceae;g__NA;s__sp43317	0.0	0.0	0.0	0.0	0.0	1	0
k__Bacteria;p__Proteobacteria;c__Alphaproteobacteria;o__Rhizobiales;f__Brucellaceae;g__Ochrobactrum;s__grignonense	0.0	0.0	0.0	0.0	0.0	1	0
k__Bacteria;p__Proteobacteria;c__Alphaproteobacteria;o__Rhizobiales;f__Hyphomicrobiaceae;g__Devosia;s__neptuniae	0.0	0.0	0.0	0.0	0.0	1	0
k__Bacteria;p__Proteobacteria;c__Alphaproteobacteria;o__Rhizobiales;f__Hyphomicrobiaceae;g__Devosia;s__sp43538	0.0	0.0	0.0	0.0	0.0	1	0
k__Bacteria;p__Proteobacteria;c__Alphaproteobacteria;o__Rhizobiales;f__Hyphomicrobiaceae;g__Devosia;s__sp43540	0.0	0.0	0.0	0.0	0.0	1	0
k__Bacteria;p__Proteobacteria;c__Alphaproteobacteria;o__Rhizobiales;f__Hyphomicrobiaceae;g__Devosia;s__submarina	0.0	0.0	0.0	0.0	0.0	2	0.0002
k__Bacteria;p__Proteobacteria;c__Alphaproteobacteria;o__Rhizobiales;f__Hyphomicrobiaceae;g__Devosia-Vasilyevaea;s__enhydra-ginsengisoli	0.0	0.0	0.0	0.0	0.0	2	0
k__Bacteria;p__Proteobacteria;c__Alphaproteobacteria;o__Rhizobiales;f__Hyphomicrobiaceae;g__Vasilyevaea;s__mishustinii	0.0	0.0	0.0	0.0	0.0	2	0.0001
k__Bacteria;p__Proteobacteria;c__Alphaproteobacteria;o__Rhizobiales;f__Methylobacteriaceae;g__Methylobacterium;s__adhaesivum	0.0	0.0	0.0	0.0	0.0	1	0.0001
k__Bacteria;p__Proteobacteria;c__Alphaproteobacteria;o__Rhizobiales;f__Methylobacteriaceae;g__Methylobacterium;s__adhaesivum-goesingense	0.0	0.0	0.0	0.0	0.0	1	0
k__Bacteria;p__Proteobacteria;c__Alphaproteobacteria;o__Rhizobiales;f__Methylobacteriaceae;g__Methylobacterium;s__extorquens	0.0	0.0	0.0	0.0	0.0	2	0.0001
k__Bacteria;p__Proteobacteria;c__Alphaproteobacteria;o__Rhizobiales;f__Methylobacteriaceae;g__Methylobacterium;s__longum	0.0	0.0	0.0	0.0	0.0	2	0
k__Bacteria;p__Proteobacteria;c__Alphaproteobacteria;o__Rhizobiales;f__Methylobacteriaceae;g__Methylobacterium;s__sp43883	0.0	0.0	0.0	0.0	0.0	2	0
k__Bacteria;p__Proteobacteria;c__Alphaproteobacteria;o__Rhizobiales;f__Methylobacteriaceae;g__Microvirga;s__aerilata	0.0	0.0	0.0	0.0	0.0	2	0
k__Bacteria;p__Proteobacteria;c__Alphaproteobacteria;o__Rhizobiales;f__Methylobacteriaceae;g__Microvirga;s__subterranea	0.0	0.0	0.0	0.0	0.0	2	0
k__Bacteria;p__Proteobacteria;c__Alphaproteobacteria;o__Rhizobiales;f__Methylobacteriaceae;g__Microvirga;s__zambiensis	0.0	0.0	0.0	0.0	0.0	2	0.0002
k__Bacteria;p__Proteobacteria;c__Alphaproteobacteria;o__Rhizobiales;f__NA;g__NA;s__sp43151	0.0	0.0	0.0	0.0	0.0	1	0
k__Bacteria;p__Proteobacteria;c__Alphaproteobacteria;o__Rhizobiales;f__Phyllobacteriaceae;g__Aminobacter;s__NA	0.0	0.0	0.0	0.0	0.0	2	0
k__Bacteria;p__Proteobacteria;c__Alphaproteobacteria;o__Rhizobiales;f__Phyllobacteriaceae;g__Aquamicrobium;s__defluvii-lusatiense	0.0	0.0	0.0	0.0	0.0	2	0
k__Bacteria;p__Proteobacteria;c__Alphaproteobacteria;o__Rhizobiales;f__Rhizobiaceae;g__Agrobacterium;s__tumefaciens	0.0	0.0	0.0	0.0	0.0	1	0
k__Bacteria;p__Proteobacteria;c__Alphaproteobacteria;o__Rhizobiales;f__Rhizobiaceae;g__Neorhizobium;s__galegae	0.0	0.0	0.0	0.0	0.0	1	0
k__Bacteria;p__Proteobacteria;c__Alphaproteobacteria;o__Rhizobiales;f__Rhizobiaceae;g__Rhizobium;s__cellulosilyticum	0.0	0.0	0.0	0.0	0.0	1	0
k__Bacteria;p__Proteobacteria;c__Alphaproteobacteria;o__Rhizobiales;f__Rhizobiaceae;g__Rhizobium;s__rubi	0.0	0.0	0.0	0.0	0.0	1	0
k__Bacteria;p__Proteobacteria;c__Alphaproteobacteria;o__Rhizobiales;f__Rhizobiaceae;g__Shinella;s__zoogloeoides	0.0	0.0	0.0	0.0	0.0	2	0
k__Bacteria;p__Proteobacteria;c__Alphaproteobacteria;o__Rhodobacterales;f__Rhodobacteraceae;g__NA;s__sp45365	0.0	0.0	0.0	0.0	0.0	1	0
k__Bacteria;p__Proteobacteria;c__Alphaproteobacteria;o__Rhodobacterales;f__Rhodobacteraceae;g__Paracocccus;s__sp44861	0.0	0.0	0.0	0.0	0.0	1	0
k__Bacteria;p__Proteobacteria;c__Alphaproteobacteria;o__Rhodobacterales;f__Rhodobacteraceae;g__Paracocccus;s__sp44863	0.0	0.0	0.0	0.0	0.0	1	0
k__Bacteria;p__Proteobacteria;c__Alphaproteobacteria;o__Rhodobacterales;f__Rhodobacteraceae;g__Paracocccus;s__sp44868	0.0	0.0	0.0	0.0	0.0	2	0.0001
k__Bacteria;p__Proteobacteria;c__Alphaproteobacteria;o__Rhodobacterales;f__Rhodobacteraceae;g__Paracocccus;s__sp44875	0.0	0.0	0.0	0.0	0.0	1	0
k__Bacteria;p__Proteobacteria;c__Alphaproteobacteria;o__Rhodobacterales;f__Rhodobacteraceae;g__Paracocccus;s__sp44878	0.0	0.0	0.0	0.0	0.0	1	0
k__Bacteria;p__Proteobacteria;c__Alphaproteobacteria;o__Rhodobacterales;f__Rhodobacteraceae;g__Paracoccus;s__carotinifaciens-haeundaensis-marcusii	0.0	0.0	0.0	0.0	0.0	2	0.0003
k__Bacteria;p__Proteobacteria;c__Alphaproteobacteria;o__Rhodobacterales;f__Rhodobacteraceae;g__Paracoccus;s__tibetensis	0.0	0.0	0.0	0.0	0.0	1	0
k__Bacteria;p__Proteobacteria;c__Alphaproteobacteria;o__Rhodobacterales;f__Rhodobacteraceae;g__Rubellimicrobium;s__mesophilum	0.0	0.0	0.0	0.0	0.0	1	0
k__Bacteria;p__Proteobacteria;c__Alphaproteobacteria;o__Rhodospirillales;f__Acetobacteraceae;g__Belnapia;s__moabensis	0.0	0.0	0.0	0.0	0.0	2	0
k__Bacteria;p__Proteobacteria;c__Alphaproteobacteria;o__Rhodospirillales;f__Acetobacteraceae;g__Muricoccus;s__sp45665-sp45737	0.0	0.0	0.0	0.0	0.0	1	0
k__Bacteria;p__Proteobacteria;c__Alphaproteobacteria;o__Rhodospirillales;f__Acetobacteraceae;g__Roseomonas;s__aestuarii	0.0	0.0	0.0	0.0	0.0	1	0
k__Bacteria;p__Proteobacteria;c__Alphaproteobacteria;o__Rhodospirillales;f__Acetobacteraceae;g__Roseomonas;s__mucosa	0.0	0.0	0.0	0.0	0.0	2	0
k__Bacteria;p__Proteobacteria;c__Alphaproteobacteria;o__Rhodospirillales;f__Acetobacteraceae;g__Roseomonas;s__sp45713	0.0	0.0	0.0	0.0	0.0	2	0
k__Bacteria;p__Proteobacteria;c__Alphaproteobacteria;o__Rhodospirillales;f__Rhodospirillaceae;g__Skermanella;s__sp46210	0.0	0.0	0.0	0.0	0.0	1	0
k__Bacteria;p__Proteobacteria;c__Alphaproteobacteria;o__Rhodospirillales;f__Rhodospirillaceae;g__Skermanella;s__sp46212-sp46214	0.0	0.0	0.0	0.0	0.0	1	0
k__Bacteria;p__Proteobacteria;c__Alphaproteobacteria;o__Rhodospirillales;f__Rhodospirillaceae;g__Skermanella;s__sp46214	0.0	0.0	0.0	0.0	0.0	1	0
k__Bacteria;p__Proteobacteria;c__Alphaproteobacteria;o__Rhodospirillales;f__Rhodospirillaceae;g__Skermanella;s__sp46219	0.0	0.0	0.0	0.0	0.0	1	0
k__Bacteria;p__Proteobacteria;c__Alphaproteobacteria;o__Rhodospirillales;f__Rhodospirillaceae;g__Thalassospira;s__sp46235	0.0	0.0	0.0	0.0	0.0	1	0
k__Bacteria;p__Proteobacteria;c__Alphaproteobacteria;o__Rhodospirillales;f__Rhodospirillaceae;g__Thalassospira;s__sp46265	0.0	0.0	0.0	0.0	0.0	1	0
k__Bacteria;p__Proteobacteria;c__Alphaproteobacteria;o__Rickettsiales;f__Mitochondria;g__Gossypium arboreum;s__arboreum	0.0	0.0	0.0	0.0	0.0	1	0
k__Bacteria;p__Proteobacteria;c__Alphaproteobacteria;o__Sphingomonadales;f__Erythrobacteraceae;g__Altererythrobacter;s__sp47506-sp47515	0.0	0.0	0.0	0.0	0.0	1	0
k__Bacteria;p__Proteobacteria;c__Alphaproteobacteria;o__Sphingomonadales;f__Erythrobacteraceae;g__Altererythrobacter;s__sp47515	0.0	0.0	0.0	0.0	0.0	2	0
k__Bacteria;p__Proteobacteria;c__Alphaproteobacteria;o__Sphingomonadales;f__NA;g__NA;s__sp47461	0.0	0.0	0.0	0.0	0.0	1	0
k__Bacteria;p__Proteobacteria;c__Alphaproteobacteria;o__Sphingomonadales;f__NA;g__NA;s__sp47567	0.0	0.0	0.0	0.0	0.0	1	0
k__Bacteria;p__Proteobacteria;c__Alphaproteobacteria;o__Sphingomonadales;f__NA;g__NA;s__sp47568	0.0	0.0	0.0	0.0	0.0	2	0
k__Bacteria;p__Proteobacteria;c__Alphaproteobacteria;o__Sphingomonadales;f__NA;g__NA;s__sp47574	0.0	0.0	0.0	0.0	0.0	1	0
k__Bacteria;p__Proteobacteria;c__Alphaproteobacteria;o__Sphingomonadales;f__NA;g__NA;s__sp48032	0.0	0.0	0.0	0.0	0.0	1	0
k__Bacteria;p__Proteobacteria;c__Alphaproteobacteria;o__Sphingomonadales;f__Sphingomonadaceae;g__NA;s__NA	0.0	0.0	0.0	0.0	0.0	1	0
k__Bacteria;p__Proteobacteria;c__Alphaproteobacteria;o__Sphingomonadales;f__Sphingomonadaceae;g__Novosphingobium;s__sp47596	0.0	0.0	0.0	0.0	0.0	1	0
k__Bacteria;p__Proteobacteria;c__Alphaproteobacteria;o__Sphingomonadales;f__Sphingomonadaceae;g__Novosphingobium;s__sp47601	0.0	0.0	0.0	0.0	0.0	1	0
k__Bacteria;p__Proteobacteria;c__Alphaproteobacteria;o__Sphingomonadales;f__Sphingomonadaceae;g__Rhizorhapis;s__suberifaciens	0.0	0.0	0.0	0.0	0.0	1	0
k__Bacteria;p__Proteobacteria;c__Alphaproteobacteria;o__Sphingomonadales;f__Sphingomonadaceae;g__Sphingobium-Sphingomonas;s__desiccabilis-insulae-subterraneum	0.0	0.0	0.0	0.0	0.0	1	0
k__Bacteria;p__Proteobacteria;c__Alphaproteobacteria;o__Sphingomonadales;f__Sphingomonadaceae;g__Sphingomonas;s__aerolata	0.0	0.0	0.0	0.0	0.0	1	0
k__Bacteria;p__Proteobacteria;c__Alphaproteobacteria;o__Sphingomonadales;f__Sphingomonadaceae;g__Sphingomonas;s__alpina-asaccharolytica	0.0	0.0	0.0	0.0	0.0	1	0
k__Bacteria;p__Proteobacteria;c__Alphaproteobacteria;o__Sphingomonadales;f__Sphingomonadaceae;g__Sphingomonas;s__gimensis-mali	0.0	0.0	0.0	0.0	0.0	1	0
k__Bacteria;p__Proteobacteria;c__Alphaproteobacteria;o__Sphingomonadales;f__Sphingomonadaceae;g__Sphingomonas;s__glacialis	0.0	0.0	0.0	0.0	0.0	1	0
k__Bacteria;p__Proteobacteria;c__Alphaproteobacteria;o__Sphingomonadales;f__Sphingomonadaceae;g__Sphingomonas;s__insulae	0.0	0.0	0.0	0.0	0.0	1	0
k__Bacteria;p__Proteobacteria;c__Alphaproteobacteria;o__Sphingomonadales;f__Sphingomonadaceae;g__Sphingomonas;s__mali	0.0	0.0	0.0	0.0	0.0	1	0
k__Bacteria;p__Proteobacteria;c__Alphaproteobacteria;o__Sphingomonadales;f__Sphingomonadaceae;g__Sphingomonas;s__melonis	0.0	0.0	0.0	0.0	0.0	1	0.0002
k__Bacteria;p__Proteobacteria;c__Alphaproteobacteria;o__Sphingomonadales;f__Sphingomonadaceae;g__Sphingomonas;s__rubra	0.0	0.0	0.0	0.0	0.0	1	0
k__Bacteria;p__Proteobacteria;c__Alphaproteobacteria;o__Sphingomonadales;f__Sphingomonadaceae;g__Sphingomonas;s__sp47849	0.0	0.0	0.0	0.0	0.0	1	0
k__Bacteria;p__Proteobacteria;c__Alphaproteobacteria;o__Sphingomonadales;f__Sphingomonadaceae;g__Sphingomonas;s__sp47901-sp47921	0.0	0.0	0.0	0.0	0.0	1	0
k__Bacteria;p__Proteobacteria;c__Alphaproteobacteria;o__Sphingomonadales;f__Sphingomonadaceae;g__Sphingomonas;s__sp47903	0.0	0.0	0.0	0.0	0.0	1	0
k__Bacteria;p__Proteobacteria;c__Alphaproteobacteria;o__Sphingomonadales;f__Sphingomonadaceae;g__Sphingomonas;s__xinjiangensis	0.0	0.0	0.0	0.0	0.0	1	0
k__Bacteria;p__Proteobacteria;c__Betaproteobacteria;o__Burkholderiales;f__Alcaligenaceae;g__Parasutterella;s__excrementihominis	0.0	0.0	0.0	0.0	0.00767852572306	3	0.0014
k__Bacteria;p__Proteobacteria;c__Betaproteobacteria;o__Burkholderiales;f__Alcaligenaceae;g__Pigmentiphaga;s__litoralis	0.0	0.0	0.0	0.0	0.0	1	0
k__Bacteria;p__Proteobacteria;c__Betaproteobacteria;o__Burkholderiales;f__Alcaligenaceae;g__Sutterella;s__parvirubra	0.0	0.0	0.0	0.0	0.0	1	0.0007
k__Bacteria;p__Proteobacteria;c__Betaproteobacteria;o__Burkholderiales;f__Alcaligenaceae;g__Sutterella;s__sp48269	0.0	0.0	0.0	0.0	0.0	1	0
k__Bacteria;p__Proteobacteria;c__Betaproteobacteria;o__Burkholderiales;f__Alcaligenaceae;g__Sutterella;s__sp48273	0.0	0.0	0.0	0.000276446737928	0.00580086580087	6	0.0007
k__Bacteria;p__Proteobacteria;c__Betaproteobacteria;o__Burkholderiales;f__Alcaligenaceae;g__Sutterella;s__sp48276	0.0	0.0	0.0	0.0	0.0	2	0.0002
k__Bacteria;p__Proteobacteria;c__Betaproteobacteria;o__Burkholderiales;f__Alcaligenaceae;g__Sutterella;s__wadsworthensis	0.0	0.0	0.0281163138764	0.0825108225108	0.154349499615	41	0.0378
k__Bacteria;p__Proteobacteria;c__Betaproteobacteria;o__Burkholderiales;f__Comamonadaceae;g__Caenimonas;s__sp48863	0.0	0.0	0.0	0.0	0.0	2	0
k__Bacteria;p__Proteobacteria;c__Betaproteobacteria;o__Burkholderiales;f__Comamonadaceae;g__NA;s__sp49297	0.0	0.0	0.0	0.0	0.0	1	0
k__Bacteria;p__Proteobacteria;c__Betaproteobacteria;o__Burkholderiales;f__Comamonadaceae;g__Pseudorhodoferax;s__soli	0.0	0.0	0.0	0.0	0.0	1	0
k__Bacteria;p__Proteobacteria;c__Betaproteobacteria;o__Burkholderiales;f__Comamonadaceae;g__Rivibacter;s__subsaxonicus	0.0	0.0	0.0	0.0	0.0	1	0
k__Bacteria;p__Proteobacteria;c__Betaproteobacteria;o__Burkholderiales;f__Comamonadaceae;g__Variovorax;s__boronicumulans-paradoxus	0.0	0.0	0.0	0.0	0.0	1	0
k__Bacteria;p__Proteobacteria;c__Betaproteobacteria;o__Burkholderiales;f__Comamonadaceae;g__Variovorax;s__defluvii	0.0	0.0	0.0	0.0	0.0	1	0
k__Bacteria;p__Proteobacteria;c__Betaproteobacteria;o__Burkholderiales;f__Comamonadaceae;g__Variovorax;s__ginsengisoli	0.0	0.0	0.0	0.0	0.0	1	0
k__Bacteria;p__Proteobacteria;c__Betaproteobacteria;o__Burkholderiales;f__Oxalobacteraceae;g__Massilia;s__albidiflava	0.0	0.0	0.0	0.0	0.0	1	0
k__Bacteria;p__Proteobacteria;c__Betaproteobacteria;o__Burkholderiales;f__Oxalobacteraceae;g__Massilia;s__aurea	0.0	0.0	0.0	0.0	0.0	1	0
k__Bacteria;p__Proteobacteria;c__Betaproteobacteria;o__Burkholderiales;f__Oxalobacteraceae;g__Massilia;s__brevitalea	0.0	0.0	0.0	0.0	0.0	1	0
k__Bacteria;p__Proteobacteria;c__Betaproteobacteria;o__Burkholderiales;f__Oxalobacteraceae;g__Massilia;s__sp49419	0.0	0.0	0.0	0.0	0.0	1	0
k__Bacteria;p__Proteobacteria;c__Betaproteobacteria;o__Burkholderiales;f__Oxalobacteraceae;g__Massilia;s__sp49421	0.0	0.0	0.0	0.0	0.0	2	0.0001
k__Bacteria;p__Proteobacteria;c__Betaproteobacteria;o__Burkholderiales;f__Oxalobacteraceae;g__Massilia;s__sp49433	0.0	0.0	0.0	0.0	0.0	1	0
k__Bacteria;p__Proteobacteria;c__Betaproteobacteria;o__Burkholderiales;f__Oxalobacteraceae;g__Massilia;s__sp49439	0.0	0.0	0.0	0.0	0.0	1	0
k__Bacteria;p__Proteobacteria;c__Betaproteobacteria;o__Burkholderiales;f__Oxalobacteraceae;g__Massilia;s__tieshanensis	0.0	0.0	0.0	0.0	0.0	1	0
k__Bacteria;p__Proteobacteria;c__Betaproteobacteria;o__Burkholderiales;f__Oxalobacteraceae;g__Massilia;s__timonae	0.0	0.0	0.0	0.0	0.0	2	0.0002
k__Bacteria;p__Proteobacteria;c__Betaproteobacteria;o__NA;f__NA;g__NA;s__sp49539	0.0	0.0	0.0	0.0	0.0	2	0.0001
k__Bacteria;p__Proteobacteria;c__Deltaproteobacteria;o__Myxococcales;f__Archangiaceae;g__Hyalangium;s__minutum	0.0	0.0	0.0	0.0	0.0	1	0
k__Bacteria;p__Proteobacteria;c__Deltaproteobacteria;o__Myxococcales;f__Archangiaceae;g__Stigmatella;s__erecta	0.0	0.0	0.0	0.0	0.0	1	0
k__Bacteria;p__Proteobacteria;c__Deltaproteobacteria;o__Myxococcales;f__Myxococcaceae;g__Myxococcus;s__virescens	0.0	0.0	0.0	0.0	0.0	1	0
k__Bacteria;p__Proteobacteria;c__Deltaproteobacteria;o__Myxococcales;f__Nannocystaceae;g__Nannocystis;s__sp53803	0.0	0.0	0.0	0.0	0.0	2	0.0001
k__Bacteria;p__Proteobacteria;c__Deltaproteobacteria;o__Myxococcales;f__Phaselicystidaceae;g__Phaselicystis;s__sp53972	0.0	0.0	0.0	0.0	0.0	1	0
k__Bacteria;p__Proteobacteria;c__Deltaproteobacteria;o__Myxococcales;f__Polyangiaceae;g__Sorangium;s__sp54023	0.0	0.0	0.0	0.0	0.0	1	0
k__Bacteria;p__Proteobacteria;c__Epsilonproteobacteria;o__Campylobacterales;f__Campylobacteraceae;g__Campylobacter;s__coli-jejuni	0.0	0.0	0.0	0.0	0.0	1	0.0014
k__Bacteria;p__Proteobacteria;c__Epsilonproteobacteria;o__Campylobacterales;f__Campylobacteraceae;g__Campylobacter;s__helveticus	0.0	0.0	0.0	0.0	0.0	2	0.0003
k__Bacteria;p__Proteobacteria;c__Epsilonproteobacteria;o__Campylobacterales;f__Campylobacteraceae;g__Campylobacter;s__jejuni-subantarcticus	0.0	0.0	0.0	0.0	0.0	1	0
k__Bacteria;p__Proteobacteria;c__Epsilonproteobacteria;o__Campylobacterales;f__Campylobacteraceae;g__Campylobacter;s__upsaliensis	0.0	0.0	0.0	0.0268002504696	0.120026574149	21	0.0125
k__Bacteria;p__Proteobacteria;c__Epsilonproteobacteria;o__Campylobacterales;f__Helicobacteraceae;g__Helicobacter;s__bilis	0.0	0.0	0.0	0.0	0.0	1	0
k__Bacteria;p__Proteobacteria;c__Epsilonproteobacteria;o__Campylobacterales;f__Helicobacteraceae;g__Helicobacter;s__bilis-canis	0.0	0.0	0.0	0.0	0.0	1	0
k__Bacteria;p__Proteobacteria;c__Epsilonproteobacteria;o__Campylobacterales;f__Helicobacteraceae;g__Helicobacter;s__canis	0.0	0.0	0.0	0.0	0.0006080083384	3	0
k__Bacteria;p__Proteobacteria;c__Epsilonproteobacteria;o__Campylobacterales;f__Helicobacteraceae;g__Helicobacter;s__cinaedi	0.0	0.0	0.0	0.00221551931239	0.0167352813201	8	0.0035
k__Bacteria;p__Proteobacteria;c__Epsilonproteobacteria;o__Campylobacterales;f__Helicobacteraceae;g__Helicobacter;s__winghamensis	0.0	0.0	0.0	0.0	0.0	1	0
k__Bacteria;p__Proteobacteria;c__Gammaproteobacteria;o__Aeromonadales;f__Succinivibrionaceae;g__Anaerobiospirillum;s__sp56216	0.0	0.0	0.0	0.0	0.0170083408703	4	0.0013
k__Bacteria;p__Proteobacteria;c__Gammaproteobacteria;o__Aeromonadales;f__Succinivibrionaceae;g__Anaerobiospirillum;s__sp56217	0.0	0.0	0.0	0.00117793338132	0.00472698624326	7	0.0004
k__Bacteria;p__Proteobacteria;c__Gammaproteobacteria;o__Aeromonadales;f__Succinivibrionaceae;g__Anaerobiospirillum;s__sp56218	0.0	0.0	0.0	0.0172293160749	0.056831022793	7	0.0065
k__Bacteria;p__Proteobacteria;c__Gammaproteobacteria;o__Aeromonadales;f__Succinivibrionaceae;g__Succinivibrio;s__sp56238	0.0	0.0	0.0	0.0	0.0	1	0
k__Bacteria;p__Proteobacteria;c__Gammaproteobacteria;o__Enterobacteriales;f__Enterobacteriaceae;g__Enterobacter;s__hormaechei	0.0	0.0	0.0	0.0	0.0	1	0
k__Bacteria;p__Proteobacteria;c__Gammaproteobacteria;o__Enterobacteriales;f__Enterobacteriaceae;g__Enterobacter;s__ludwigii	0.0	0.0	0.0	0.0	0.0	1	0
k__Bacteria;p__Proteobacteria;c__Gammaproteobacteria;o__Enterobacteriales;f__Enterobacteriaceae;g__Erwinia;s__persicina	0.0	0.0	0.0	0.0	0.0	1	0
k__Bacteria;p__Proteobacteria;c__Gammaproteobacteria;o__Enterobacteriales;f__Enterobacteriaceae;g__Escherichia-Shigella;s__boydii-coli	0.0	0.0	0.0	0.00276625172891	0.00443173695497	12	0.0006
k__Bacteria;p__Proteobacteria;c__Gammaproteobacteria;o__Enterobacteriales;f__Enterobacteriaceae;g__Escherichia-Shigella;s__boydii-coli-fergusonii	0.0	0.0	0.0	0.00389039871933	0.0232713168899	14	0.0037
k__Bacteria;p__Proteobacteria;c__Gammaproteobacteria;o__Enterobacteriales;f__Enterobacteriaceae;g__Escherichia-Shigella;s__boydii-coli-sonnei	0.0	0.0	0.0	0.0	0.000811412118833	3	0.0005
k__Bacteria;p__Proteobacteria;c__Gammaproteobacteria;o__Enterobacteriales;f__Enterobacteriaceae;g__Escherichia-Shigella;s__coli	0.0	0.0	0.0	0.00292699724518	0.0172818433966	12	0.0029
k__Bacteria;p__Proteobacteria;c__Gammaproteobacteria;o__Enterobacteriales;f__Enterobacteriaceae;g__Escherichia-Shigella;s__coli-dysenteriae	0.0	0.0	0.0	0.000733003481767	0.00156345001303	6	0.0001
k__Bacteria;p__Proteobacteria;c__Gammaproteobacteria;o__Enterobacteriales;f__Enterobacteriaceae;g__Escherichia-Shigella;s__coli-flexneri-sonnei	0.0	0.0	0.0	0.00262659580966	0.00482063754017	13	0.0014
k__Bacteria;p__Proteobacteria;c__Gammaproteobacteria;o__Enterobacteriales;f__Enterobacteriaceae;g__Escherichia-Shigella;s__coli-sonnei	0.0	0.0	0.0	0.000332446808511	0.00139664804469	6	0.0002
k__Bacteria;p__Proteobacteria;c__Gammaproteobacteria;o__Enterobacteriales;f__Enterobacteriaceae;g__Escherichia-Shigella;s__fergusonii	0.0	0.0	0.0	0.0	0.0	1	0
k__Bacteria;p__Proteobacteria;c__Gammaproteobacteria;o__Enterobacteriales;f__Enterobacteriaceae;g__Klebsiella;s__pneumoniae	0.0	0.0	0.0	0.0	0.0	1	0
k__Bacteria;p__Proteobacteria;c__Gammaproteobacteria;o__Enterobacteriales;f__Enterobacteriaceae;g__Klebsiella;s__pneumoniae-variicola	0.0	0.0	0.0	0.0	0.0	1	0
k__Bacteria;p__Proteobacteria;c__Gammaproteobacteria;o__Enterobacteriales;f__Enterobacteriaceae;g__Pantoea;s__agglomerans	0.0	0.0	0.0	0.0	0.0	1	0
k__Bacteria;p__Proteobacteria;c__Gammaproteobacteria;o__Enterobacteriales;f__Enterobacteriaceae;g__Pantoea;s__agglomerans-cypripedii-vagans	0.0	0.0	0.0	0.0	0.0	1	0
k__Bacteria;p__Proteobacteria;c__Gammaproteobacteria;o__Enterobacteriales;f__Enterobacteriaceae;g__Pantoea;s__ananatis	0.0	0.0	0.0	0.0	0.0	1	0
k__Bacteria;p__Proteobacteria;c__Gammaproteobacteria;o__Enterobacteriales;f__Enterobacteriaceae;g__Pantoea;s__ananatis-vagans	0.0	0.0	0.0	0.0	0.0	1	0
k__Bacteria;p__Proteobacteria;c__Gammaproteobacteria;o__Enterobacteriales;f__Enterobacteriaceae;g__Pantoea;s__vagans	0.0	0.0	0.0	0.0	0.0	1	0
k__Bacteria;p__Proteobacteria;c__Gammaproteobacteria;o__Pasteurellales;f__Pasteurellaceae;g__Haemophilus;s__parainfluenzae	0.0	0.0	0.0	0.0	0.0	1	0
k__Bacteria;p__Proteobacteria;c__Gammaproteobacteria;o__Pseudomonadales;f__Pseudomonadaceae;g__Pseudomonas;s__fluorescens	0.0	0.0	0.0	0.0	0.0	1	0
k__Bacteria;p__Proteobacteria;c__Gammaproteobacteria;o__Pseudomonadales;f__Pseudomonadaceae;g__Pseudomonas;s__frederiksbergensis-mandelii	0.0	0.0	0.0	0.0	0.0	1	0
k__Bacteria;p__Proteobacteria;c__Gammaproteobacteria;o__Pseudomonadales;f__Pseudomonadaceae;g__Pseudomonas;s__oryzihabitans	0.0	0.0	0.0	0.0	0.0	1	0
k__Bacteria;p__Proteobacteria;c__Gammaproteobacteria;o__Pseudomonadales;f__Pseudomonadaceae;g__Pseudomonas;s__sp63640	0.0	0.0	0.0	0.0	0.0	1	0
k__Bacteria;p__Proteobacteria;c__Gammaproteobacteria;o__Xanthomonadales;f__Xanthomonadaceae;g__Xanthomonas;s__NA	0.0	0.0	0.0	0.0	0.0	1	0
k__Bacteria;p__Spirochaetae;c__Spirochaetes;o__Spirochaetales;f__Brachyspiraceae;g__Brachyspira;s__sp66131	0.0	0.0	0.0	0.0	0.0	1	0
k__Bacteria;p__Tenericutes;c__Mollicutes;o__Mycoplasmatales;f__Mycoplasmataceae;g__Mycoplasma;s__pirum	0.0	0.0	0.0	0.0	0.0	1	0
k__Bacteria;p__Verrucomicrobia;c__Spartobacteria;o__Chthoniobacterales;f__Chthoniobacteraceae;g__Chthoniobacter;s__sp69048	0.0	0.0	0.0	0.0	0.0	1	0
