Pathogens,Kingdom,Citation1,Citation2,Citation3,Former Species Name
Corynebacterium jeikeium,,"Puskar M, Lemons C, Papich MG, Vaden SL, Birkenheuer A. Antibiotic-resistant Corynebacterium jeikeium urinary tract infection in a cat. J Am Anim Hosp Assoc. 2007 Jan-Feb;43(1):61-4. doi: 10.5326/0430061. PMID: 17209087.",,,
Nannizziopsis infrequens,,,,,
Nannizziopsis infrequens,,,,,
Achorion gypseum,,"Muller and Kirk's small animal Dermatology, 7th edition Elsevier",,,
Acinetobacter,,"Morrissey I., Moyaert H., de Jong A., El Garch F., Klein U., Ludwig C., Thiry J., Youala, M. Antimicrobial susceptibility monitoring of bacterial pathogens isolated from reiratory tract infections in dogs and cats across Europe: ComPath results. (2016) Veterinary microbiology, 191:44-51",,,
Acinetobacter baumannii,,"Greene, Craig E. Infectious Diseases of the Dog and Cat-E-Book. Elsevier Health Sciences, 2013.",,,Acinetobacter baumannii
Acremonium,,"Muller and Kirk's small animal Dermatology, 7th edition Elsevier",,,
Actinomyces coleocanis,,,,,
Aeromonas,,"Stegemann, M. R., et al. ""Clinical efficacy and safety of cefovecin in the treatment of canine pyoderma and wound infections."" Journal of Small Animal Practice 48.7 (2007): 378-386.",,,
Alcaligenes,,"Girling, S. L.,  J. F. Innes. ""Infection of a total hip prosthesis in a dog caused by Achromobacter (Alcaligenes) xylosoxidans."" Journal of small animal practice 47.12 (2006): 747-750.",,,
Alcaligenes faecalis,,"Tena, Daniel, Cristina Fernández, and María R. Lago. ""Alcaligenes faecalis: an unusual cause of skin and soft tissue infection."" Japanese journal of infectious diseases (2014): JJID-2014.",,,
Alternaria spp,,"Muller and Kirk's small animal Dermatology, 7th edition Elsevier",,,
Anaerobiospirillum,,"Greene, Craig E. Infectious Diseases of the Dog and Cat-E-Book. Elsevier Health Sciences, 2013.",,,
Anaerococcus prevotii,,,,,
Anaerococcus vaginalis,,,,,
Anaplasma,,"Kolo, Agatha O., et al. ""Molecular detection of zoonotic rickettsiae and Anaplasma spp. in domestic dogs and their ectoparasites in Bushbuckridge, South Africa."" Vector-Borne and Zoonotic Diseases 16.4 (2016): 245-252.",,,
Anaplasma phagocytophilum,,"Greene, Craig E. Infectious Diseases of the Dog and Cat-E-Book. Elsevier Health Sciences, 2013.",,,
Anaplasma platys,,"Greene, Craig E. Infectious Diseases of the Dog and Cat-E-Book. Elsevier Health Sciences, 2013.",,,
Apophysomyces variabilis,,"Greene, Craig E. Infectious Diseases of the Dog and Cat-E-Book. Elsevier Health Sciences, 2013.",,,
Arcanobacterium canis,,,,,
Arcobacter,,"Greene, Craig E. Infectious Diseases of the Dog and Cat-E-Book. Elsevier Health Sciences, 2013.",,,
Aspergillus,,"Greene, Craig E. Infectious Diseases of the Dog and Cat-E-Book. Elsevier Health Sciences, 2013.",,,
Avibacterium paragallinarum,,"Zheng, Yun, Xiangqi Hao, Xi Lin, Qingxu Zheng, Wenyan Zhang, Pei Zhou, and Shoujun Li. ""Bacterial diversity in the feces of dogs with CPV infection."" Microbial pathogenesis 121 (2018): 70-76.",,,Haemophilus
Bacillus anthracis,,"Greene, Craig E. Infectious Diseases of the Dog and Cat-E-Book. Elsevier Health Sciences, 2013.",,,
Bacillus piliformis,,"Greene, Craig E. Infectious Diseases of the Dog and Cat-E-Book. Elsevier Health Sciences, 2013.",,,
Bacteriodes,,"Greene, Craig E. Infectious Diseases of the Dog and Cat-E-Book. Elsevier Health Sciences, 2013.",,,
Bacteroides denticanum,,,,,
Bacteroides fragilis,,,,,
Bacteroides pyogenes,,,,,
Bacteroides uniformis,,"Li Q., Lauber C.L., Czarnecki-Maulden G., Pan Y., Hannah S.S., Effects of the Dietary Protein and Carbohydrate Ratio on Gut Microbiomes in Dogs of Different Conditions. MBio. 2017 Jan 24;8(1).",,,
Bartonella,,"Mascarelli P. E., Tartara G. P., Pereyra N. B., Maggi R. G. Detection of Mycoplasma haemocanis, Mycoplasma haematoparvum, Mycoplasma suis and other vector-borne pathogens in dogs from Córdoba and Santa Fé, Argentina.  (2016) Parasites & Vestors, 9(642)",,,
Bartonella bacilliformis,,"Greene, Craig E. Infectious Diseases of the Dog and Cat-E-Book. Elsevier Health Sciences, 2013.",,,
Bartonella clarridgeiae,,"Greene, Craig E. Infectious Diseases of the Dog and Cat-E-Book. Elsevier Health Sciences, 2013.",,,
Bartonella elizabethae,,"Greene, Craig E. Infectious Diseases of the Dog and Cat-E-Book. Elsevier Health Sciences, 2013.",,,
Bartonella grahamii,,"Greene, Craig E. Infectious Diseases of the Dog and Cat-E-Book. Elsevier Health Sciences, 2013.",,,
Bartonella henselae,,"Greene, Craig E. Infectious Diseases of the Dog and Cat-E-Book. Elsevier Health Sciences, 2013.",,,
Bartonella koehlerae,,"Greene, Craig E. Infectious Diseases of the Dog and Cat-E-Book. Elsevier Health Sciences, 2013.",,,
Bartonella naantaliensis,,"Greene, Craig E. Infectious Diseases of the Dog and Cat-E-Book. Elsevier Health Sciences, 2013.",,,
Bartonella quintana,,"Greene, Craig E. Infectious Diseases of the Dog and Cat-E-Book. Elsevier Health Sciences, 2013.",,,
Bartonella rochalimae,,"Greene, Craig E. Infectious Diseases of the Dog and Cat-E-Book. Elsevier Health Sciences, 2013.",,,
Bartonella vinsonii,,"Greene, Craig E. Infectious Diseases of the Dog and Cat-E-Book. Elsevier Health Sciences, 2013.",,,
Basidiobolomycosis,,"Greene, Craig E. Infectious Diseases of the Dog and Cat-E-Book. Elsevier Health Sciences, 2013.",,,
Basidiobolus ranarum,,"Greene, Craig E. Infectious Diseases of the Dog and Cat-E-Book. Elsevier Health Sciences, 2013.",,,
Bipolaris spiciferum,,"Muller and Kirk's small animal Dermatology, 7th edition Elsevier",,,
Blastomyces dermatitidis,,"Greene, Craig E. Infectious Diseases of the Dog and Cat-E-Book. Elsevier Health Sciences, 2013.",,,
Blastomyces dermatitidis,,"Greene, Craig E. Infectious Diseases of the Dog and Cat-E-Book. Elsevier Health Sciences, 2013.",,,
Bordetella,,,,,
Borrelia crocidurae,,,,,Borreliella crocidurae
Borrelia duttonii,,,,,Borreliella duttonii
Borrelia hermsii,,,,,Borreliella hermsii
Borrelia hispanica,,,,,Borreliella hispanica
Borrelia mayonii,,,,,Borreliella mayonii
Borrelia miyamotoi,,,,,Borreliella miyamotoi
Borrelia parkeri,,,,,Borreliella parkeri
Borrelia persica,,,,,Borreliella persica
Borrelia recurrentis,,,,,Borreliella recurrentis
Borrelia turicatae,,,,,Borreliella turicatae
Borreliella afzelli,,"Mascarelli P. E., Tartara G. P., Pereyra N. B., Maggi R. G. Detection of Mycoplasma haemocanis, Mycoplasma haematoparvum, Mycoplasma suis and other vector-borne pathogens in dogs from Córdoba and Santa Fé, Argentina.  (2016) Parasites & Vestors, 9(642)",,,Borrelia
Borreliella burgdorferi,,"Mascarelli P. E., Tartara G. P., Pereyra N. B., Maggi R. G. Detection of Mycoplasma haemocanis, Mycoplasma haematoparvum, Mycoplasma suis and other vector-borne pathogens in dogs from Córdoba and Santa Fé, Argentina.  (2016) Parasites & Vestors, 9(642)",,,Borrelia
Borreliella garinii,,,,,
Brachyspira hyodysenteriae,,,,,Treponema hyodysenteriae
Brachyspira pilosicoli,,"Greene, Craig E. Infectious Diseases of the Dog and Cat-E-Book. Elsevier Health Sciences, 2013.",,,
Brevundimonas,,"Ehrlich G. D.,  Hu F. Z., Sotereanos N., Sewicke J., Parvizi J., Nara P.L., Arciola, C. R. What role do periodontal pathogens play in osteoarthritis and periprosthetic joint infections of the knee. (2014) J Appl Biomater Funct Mater 12(1): 13-20",,,
Brucella,,"Wanke, M. M. ""Canine brucellosis."" Animal reproduction science 82 (2004): 195-207.",,,
Brucella abortus,,"Wanke, M. M. ""Canine brucellosis."" Animal reproduction science 82 (2004): 195-207.",,,
Brucella canis,,"Wanke, M. M. ""Canine brucellosis."" Animal reproduction science 82 (2004): 195-207.",,,
Brucella melitensis,,"Wanke, M. M. ""Canine brucellosis."" Animal reproduction science 82 (2004): 195-207.",,,
Brucella suis,,"Wanke, M. M. ""Canine brucellosis."" Animal reproduction science 82 (2004): 195-207.",,,
Burkholderia,,"Wikraiphat, Chanthiwa, et al. ""Comparative in vivo and in vitro analyses of putative virulence factors of Burkholderia pseudomallei using lipopolysaccharide, capsule and flagellin mutants."" FEMS Immunology & Medical Microbiology 56.3 (2009): 253-259.",,,
Burkholderia ambifaria,,,,,
Burkholderia anthina,,,,,
Burkholderia cenocepacia,,,,,
Burkholderia cepacia,,,,,
Burkholderia contaminans,,,,,
Burkholderia gladioli,,,,,
Burkholderia glumae,,,,,
Burkholderia mallei,,,,,
Burkholderia multivorans,,,,,
Burkholderia pseudomallei,,,,,
Burkholderia pyrrocinia,,,,,
Burkholderia stabilis,,,,,
Campylobacter,,"Cito F., Rijks J., Rantsios A. T., Cunninghma A. A., Baneth G., Guardabassi L., Kuiken T., Giovannini A. Prioritization of Companion Animal Transmissible Diseases for Policy Intervention in Europe. (2016) Journal of Comparative Pathology, 155(1):S18-S26",,,
Campylobacter avium,,,,,
Campylobacter concisus,,,,,
Campylobacter fetus,,,,,
Campylobacter gracilis,,,,,
Campylobacter jejuni,,,,,
Campylobacter lari,,,,,
Campylobacter rectus,,,,,
Campylobacter upsaliensis,,,,,
Campylobacter ureolyticus,,,,,
Candida,,"De Martino, Luisa, et al. ""An update on microbiological causes of canine otitis externa in Campania Region, Italy."" Asian Pacific Journal of Tropical Biomedicine 6.5 (2016): 384-389.","C. Yurayart, ""Comparative analysis of the frequency, distribution and population sizes of yeasts associated with canine seborrheic dermatitis and healthy skin."" (2011) Veterinary Microbiology, vol. 148, pp. 356-62",,
Candida albicans,,"Greene, Craig E. Infectious Diseases of the Dog and Cat-E-Book. Elsevier Health Sciences, 2013.",,,
Candida glabrata,,"Greene, Craig E. Infectious Diseases of the Dog and Cat-E-Book. Elsevier Health Sciences, 2013.",,,
Candida lusitaniae,,"Greene, Craig E. Infectious Diseases of the Dog and Cat-E-Book. Elsevier Health Sciences, 2013.",,,
Candida tropicalis,,"Greene, Craig E. Infectious Diseases of the Dog and Cat-E-Book. Elsevier Health Sciences, 2013.",,,
Chlamydia,,"Tian, Yi-Ming, et al. ""Seroprevalence and risk factors of Chlamydia infection in dogs in Southwestern China."" Acta tropica 130 (2014): 67-70.",,,
Chlamydia abortus,,"Greene, Craig E. Infectious Diseases of the Dog and Cat-E-Book. Elsevier Health Sciences, 2013.",,,
Chlamydia avium,,"Greene, Craig E. Infectious Diseases of the Dog and Cat-E-Book. Elsevier Health Sciences, 2013.",,,
Chlamydia caviae,,"Greene, Craig E. Infectious Diseases of the Dog and Cat-E-Book. Elsevier Health Sciences, 2013.",,,
Chlamydia gallinacea,,"Greene, Craig E. Infectious Diseases of the Dog and Cat-E-Book. Elsevier Health Sciences, 2013.",,,
Chlamydia pecorum,,"Greene, Craig E. Infectious Diseases of the Dog and Cat-E-Book. Elsevier Health Sciences, 2013.",,,
Chlamydia pneumoniae,,"Greene, Craig E. Infectious Diseases of the Dog and Cat-E-Book. Elsevier Health Sciences, 2013.",,,
Chlamydia psittaci,,"Greene, Craig E. Infectious Diseases of the Dog and Cat-E-Book. Elsevier Health Sciences, 2013.",,,
Chlamydia suis,,"Greene, Craig E. Infectious Diseases of the Dog and Cat-E-Book. Elsevier Health Sciences, 2013.",,,
Chlamydia trachomatis,,"Greene, Craig E. Infectious Diseases of the Dog and Cat-E-Book. Elsevier Health Sciences, 2013.",,,
Chromobacterium,,"Greene, Craig E. Infectious Diseases of the Dog and Cat-E-Book. Elsevier Health Sciences, 2013.",,,
Chryseomonas,,"Greene, Craig E. Infectious Diseases of the Dog and Cat-E-Book. Elsevier Health Sciences, 2013.",,,
Citrobacter,,"Morrissey I., Moyaert H., de Jong A., El Garch F., Klein U., Ludwig C., Thiry J., Youala, M. Antimicrobial susceptibility monitoring of bacterial pathogens isolated from reiratory tract infections in dogs and cats across Europe: ComPath results. (2016) Veterinary microbiology, 191:44-51",,,
Cladophialophora bantiana,,"Muller and Kirk's small animal Dermatology, 7th edition Elsevier",,,
Clostridioides difficile,,"Andrés-Lasheras, Sara, et al. ""Preliminary studies on isolates of Clostridium difficile from dogs and exotic pets."" BMC veterinary research 14.1 (2018): 77.",,,Clostridium difficle
Clostridium botulinum,,"Silva, Rodrigo Otávio Silveira, et al. ""Type C botulism in domestic chickens, dogs and black-pencilled marmoset (Callithrix penicillata) in Minas Gerais, Brazil."" Anaerobe 51 (2018): 47-49.",,,
Clostridium butyricum,,"Li Q., Lauber C.L., Czarnecki-Maulden G., Pan Y., Hannah S.S., Effects of the Dietary Protein and Carbohydrate Ratio on Gut Microbiomes in Dogs of Different Conditions. MBio. 2017 Jan 24;8(1).",,,
Clostridium chauvoei,,,,,
Clostridium perfringens,,"Li Q., Lauber C.L., Czarnecki-Maulden G., Pan Y., Hannah S.S., Effects of the Dietary Protein and Carbohydrate Ratio on Gut Microbiomes in Dogs of Different Conditions. MBio. 2017 Jan 24;8(1).",,,
Clostridium septicum,,,,,
Clostridium sporogenes,,,,,
Clostridium tetani,,"Prescott, J. F., Uzal, F. A., Songer, J. G., & Popoff, M. R. (2016). Brief description of animal pathogenic Clostridia. Clostridial diseases of animals, 1319.",,,
Coccidioides immitis,,"Greene, Craig E. Infectious Diseases of the Dog and Cat-E-Book. Elsevier Health Sciences, 2013.",,,
Coccidioides posadasii,,"Greene, Craig E. Infectious Diseases of the Dog and Cat-E-Book. Elsevier Health Sciences, 2013.",,,
Coccidioidomycosis,,"Greene, Craig E. Infectious Diseases of the Dog and Cat-E-Book. Elsevier Health Sciences, 2013.",,,
Cochliobolus  ,,"Meason-Smith, C., Diesel, A., Patterson, A. P., Older, C. E., Mansell, J. M., Suchodolski, J. S., & Rodrigues Hoffmann, A. What is living on your dog’s skin? Characterization of the canine cutaneous mycobiota and fungal dysbiosis in canine allergic dermatitis. (2015) FEMS Microbiology Ecology, 91(12):1–12",,,
Conidiobolus coronatus,,"Greene, Craig E. Infectious Diseases of the Dog and Cat-E-Book. Elsevier Health Sciences, 2013.",,,
Conidiobolus incongruus,,"Greene, Craig E. Infectious Diseases of the Dog and Cat-E-Book. Elsevier Health Sciences, 2013.",,,
Corynebacterium amycolatum,,"Aalbaek B., Bemis D.A., Schjaerff M., Kania S. A., Frank L. A., Guardabassi L. Coryneform bacteria associated with canine otitis externa. (2010) Veterinary Microbiology, 145(3-4):292-298",,,
Corynebacterium aurimucosum,,,,,
Corynebacterium auriscanis,,"Bygott J. M., Malnick H., Shah J.J., Chattaway M.A., Karas J. A. First clinical case of Corynebacterium auriscanis isolated from localized dog bite infection. (2008) Journal of Medical Microbiology, 57: 899-900",,,
Corynebacterium freneyi,,"Muller and Kirk's small animal Dermatology, 7th edition Elsevier",,,
Corynebacterium pseudogenitalium,,,,,
Corynebacterium pseudotuberculosis,,,,,
Corynebacterium tuberculostearicum,,,,,
Corynebacterium urealyticum,,"Dennis J. Chew DVM, DACVIM, ... Patricia A. Schenck DVM, PhD, in Canine and Feline Nephrology and Urology (Second Edition), 2011",,,
Coxiella,,"Mtshali, Khethiwe, et al. ""Occurrence of Coxiella burnetii, Ehrlichia canis, Rickettsia species and Anaplasma phagocytophilum-like bacterium in ticks collected from dogs and cats in South Africa."" Journal of the South African Veterinary Association 88.1 (2017): 1-6.",,,
Cryptococcus,,"Greene, Craig E. Infectious Diseases of the Dog and Cat-E-Book. Elsevier Health Sciences, 2013.",,,
Cryptococcus neoformans,,"Greene, Craig E. Infectious Diseases of the Dog and Cat-E-Book. Elsevier Health Sciences, 2013.",,,
Cryptooridium,,"Riggs, Michael W. ""Cryptosporidiosis in cats, dogs, ferrets, raccoons, opossums, rabbits, and non-human primates."" Cryptosporidiosis of man and animals. CRC Press, 2018. 113-124.",,,
Curvularia spp.,,"Muller and Kirk's small animal Dermatology, 7th edition Elsevier",,,
Defluviitalea phaphyphila,,,,,
Defluviitalea raffinosedens,,,,,
Defluviitalea saccharophila,,,,,
Defluviitaleaceae,,,,,
Ehrlichia,,"Mascarelli P. E., Tartara G. P., Pereyra N. B., Maggi R. G. Detection of Mycoplasma haemocanis, Mycoplasma haematoparvum, Mycoplasma suis and other vector-borne pathogens in dogs from Córdoba and Santa Fé, Argentina.  (2016) Parasites & Vestors, 9(642)",,,
Ehrlichia  chaffeensis,,"Greene, Craig E. Infectious Diseases of the Dog and Cat-E-Book. Elsevier Health Sciences, 2013.",,,
Ehrlichia canis,,"Greene, Craig E. Infectious Diseases of the Dog and Cat-E-Book. Elsevier Health Sciences, 2013.",,,
Ehrlichia ewingii,,"Greene, Craig E. Infectious Diseases of the Dog and Cat-E-Book. Elsevier Health Sciences, 2013.",,,
Ehrlichia ruminantium,,"Greene, Craig E. Infectious Diseases of the Dog and Cat-E-Book. Elsevier Health Sciences, 2013.",,,
Ehrlichia spp.,,"Greene, Craig E. Infectious Diseases of the Dog and Cat-E-Book. Elsevier Health Sciences, 2013.",,,
Encephalitozoon intestinalis,,"Greene, Craig E. Infectious Diseases of the Dog and Cat-E-Book. Elsevier Health Sciences, 2013.",,,
Enterobacter,,"Lacerda L.C.C., de Souza-Pollo A., Padua I.R.M., Conceicao L.F., da Silveira C.P.B.,Silva G.A., Maluta R.P.,Laus J.L. Molecular characterization and potential sources of aqueous humor bacterial contamination during phacoemulsification with intraocular lens implantation in dogs. (2018) Veterninary Microbiology",,,
Enterobacter cloacae,,"Greene, Craig E. Infectious Diseases of the Dog and Cat-E-Book. Elsevier Health Sciences, 2013.",,,
Enterococcus,,"Ehrlich G. D.,  Hu F. Z., Sotereanos N., Sewicke J., Parvizi J., Nara P.L., Arciola, C. R. What role do periodontal pathogens play in osteoarthritis and periprosthetic joint infections of the knee. (2014) J Appl Biomater Funct Mater 12(1): 13-20",,,
Enterococcus faecalis,,,,,
Enterocytozoon bieneusi,,"Greene, Craig E. Infectious Diseases of the Dog and Cat-E-Book. Elsevier Health Sciences, 2013.",,,
Epidermophyton floccosum,,"Greene, Craig E. Infectious Diseases of the Dog and Cat-E-Book. Elsevier Health Sciences, 2013.",,,
Erysipelothrix rhusiopathiae,,"Greene, Craig E. Infectious Diseases of the Dog and Cat-E-Book. Elsevier Health Sciences, 2013.",,,
Escherichia coli,,"Liu X., Thungrat K., Boothe D. M. Occurrence of OXA-48 carbapenemase and other β-lactamase genes in ESBL-producing multidrug resistant Escherichia coli from dogs and cats in the United States, 2009–2013. (2016) Frontiers in microbiology, 7:1057.",,,
Exophiala jeanselmei,,"Greene, Craig E. Infectious Diseases of the Dog and Cat-E-Book. Elsevier Health Sciences, 2013.",,,
Exophiala spp.,,"Muller and Kirk's small animal Dermatology, 7th edition Elsevier",,,
Fibrobacter succinogenes,,"Spain, A. M., Forsberg, C. W., & Krumholz, L. R. (2015). Fibrobacter. Bergey's Manual of Systematics of Archaea and Bacteria, 1-10.",,,
Finegoldia magna,,,,,
Flavobacterium columnare,,"Patra, A., et al. ""Rapid detection of Flavobacterium columnare infection in fish by species-specific polymerase chain reaction."" Journal of Aquaculture Research Development 7.9 (2016).",,,
Flavobacterium terrae,,"Loch, Thomas P., and Mohamed Faisal. ""Emerging flavobacterial infections in fish: a review."" Journal of advanced research 6.3 (2015): 283-300.",,,
Fonsecaea compacta,,"Greene, Craig E. Infectious Diseases of the Dog and Cat-E-Book. Elsevier Health Sciences, 2013.",,,
Fonsecaea pedrosoi,,"Greene, Craig E. Infectious Diseases of the Dog and Cat-E-Book. Elsevier Health Sciences, 2013.",,,
Francisella,,"Mascarelli P. E., Tartara G. P., Pereyra N. B., Maggi R. G. Detection of Mycoplasma haemocanis, Mycoplasma haematoparvum, Mycoplasma suis and other vector-borne pathogens in dogs from Córdoba and Santa Fé, Argentina.  (2016) Parasites & Vestors, 9(642)",,,
Francisella tularensis,,"Greene, Craig E. Infectious Diseases of the Dog and Cat-E-Book. Elsevier Health Sciences, 2013.",,,
Fusarium,,"Greene, Craig E. Infectious Diseases of the Dog and Cat-E-Book. Elsevier Health Sciences, 2013.",,,
Fusarium,,"Muller and Kirk's small animal Dermatology, 7th edition Elsevier",,,
Fusobacterium,,"Zheng Y., Xiangqi H., Lin X., Zheng Q., Zhang W., Zhou P., Li S. Bacterial diversity in the feces of dogs with CPV infection. Microb Pathog. 2018 Apr 27;121:70-76",,,
Fusobacterium canifelinum,,,,,
Fusobacterium nucleatum,,,,,
Geotrichium,,"Muller and Kirk's small animal Dermatology, 7th edition Elsevier",,,
Geotrichum,,"Muller and Kirk's small animal Dermatology, 7th edition Elsevier",,,
Geotrichum candidum,,"Greene, Craig E. Infectious Diseases of the Dog and Cat-E-Book. Elsevier Health Sciences, 2013.",,,
Giardia,,"Greene, Craig E. Infectious Diseases of the Dog and Cat-E-Book. Elsevier Health Sciences, 2013.",,,
Glaesserella parasuis,,,,,Haemophilus parasuis
Haemophilus ducreyi,,,,,
Haemophilus influenzae,,,,,
Helcococcus kunzii,,,,,
Helicobacter,,"Kubota-Aizawa, Sanae, et al. ""Epidemiological study of gastric Helicobacter spp. in dogs with gastrointestinal disease in Japan and diversity of Helicobacter heilmannii sensu stricto."" The Veterinary Journal 225 (2017): 56-62.",,,
Helicobacter cinaedi,,"Kubota-Aizawa, Sanae, et al. ""Epidemiological study of gastric Helicobacter spp. in dogs with gastrointestinal disease in Japan and diversity of Helicobacter heilmannii sensu stricto."" The Veterinary Journal 225 (2017): 56-62.",,,
Helicobacter pylori,,"Kubota-Aizawa, Sanae, et al. ""Epidemiological study of gastric Helicobacter spp. in dogs with gastrointestinal disease in Japan and diversity of Helicobacter heilmannii sensu stricto."" The Veterinary Journal 225 (2017): 56-62.",,,
Histoplasma capsulatum,,"Greene, Craig E. Infectious Diseases of the Dog and Cat-E-Book. Elsevier Health Sciences, 2013.",,,
Histoplasma duboisii,,"Greene, Craig E. Infectious Diseases of the Dog and Cat-E-Book. Elsevier Health Sciences, 2013.",,,
Hortaea werneckii,,"Greene, Craig E. Infectious Diseases of the Dog and Cat-E-Book. Elsevier Health Sciences, 2013.",,,
Hydnum  ,,"Meason-Smith, C., Diesel, A., Patterson, A. P., Older, C. E., Mansell, J. M., Suchodolski, J. S., & Rodrigues Hoffmann, A. What is living on your dog’s skin? Characterization of the canine cutaneous mycobiota and fungal dysbiosis in canine allergic dermatitis. (2015) FEMS Microbiology Ecology, 91(12):1–12",,,
Irpex ,,"Meason-Smith, C., Diesel, A., Patterson, A. P., Older, C. E., Mansell, J. M., Suchodolski, J. S., & Rodrigues Hoffmann, A. What is living on your dog’s skin? Characterization of the canine cutaneous mycobiota and fungal dysbiosis in canine allergic dermatitis. (2015) FEMS Microbiology Ecology, 91(12):1–12",,,
Keratinomyces ajelloi,,"Muller and Kirk's small animal Dermatology, 7th edition Elsevier",,,
Klebsiella,,"Morrissey I., Moyaert H., de Jong A., El Garch F., Klein U., Ludwig C., Thiry J., Youala, M. Antimicrobial susceptibility monitoring of bacterial pathogens isolated from reiratory tract infections in dogs and cats across Europe: ComPath results. (2016) Veterinary microbiology, 191:44-51",,,
Klebsiella aerogenes,,,,,Enterobacter aerogenes
Klebsiella oxytoca,,,,,
Klebsiella pneumoniae,,,,,
Kocuria kristinae,,"Dunn, Ryan, Sara Bares, and Michael Z. David. ""Central venous catheter-related bacteremia caused by Kocuria kristinae: case report and review of the literature."" Annals of clinical microbiology and antimicrobials 10.1 (2011): 31.",,,
Lacazia loboi,,"Greene, Craig E. Infectious Diseases of the Dog and Cat-E-Book. Elsevier Health Sciences, 2013.",,,
Lawsonia intracellularis,,"Greene, Craig E. Infectious Diseases of the Dog and Cat-E-Book. Elsevier Health Sciences, 2013.",,,
Lawsonia intracellularis,,,,,
Leclercia,,"Jung, Hansol, et al. ""Unexpected Isolation of Leclercia Adecarboxylata in Dermatitis of a Dog."" The Korean Society of Veterinary Clinics 4.5 (2017): 381-383.",,,
Leclercia adecarboxylata,,,,,
Legionella,,"Mercante, Jeffrey W., and Jonas M. Winchell. ""Current and emerging Legionella diagnostics for laboratory and outbreak investigations."" Clinical microbiology reviews 28, no. 1 (2015): 95-133.",,,
Legionella pneumophila,,,,,
Leptospira,,"Jorge, Sérgio, et al. ""Human and animal leptospirosis in Southern Brazil: A five-year retrospective study."" Travel medicine and infectious disease 18 (2017): 46-52.",,,
Leptospira borgpetersenii,,,,,
Leptospira fainei,,,,,
Leptospira inadai,,,,,
Leptospira interrogans,,,,,
Leptospira kirschneri,,,,,
Leptospira noguchii,,,,,
Leptospira santarosai,,,,,
Leptospira weilii,,,,,
Leuconostoc,,"Ino, K., Nakase, K., Suzuki, K., Nakamura, A., Fujieda, A., & Katayama, N. (2016). Bacteremia due to Leuconostoc pseudomesenteroides in a patient with acute lymphoblastic leukemia: case report and review of the literature. Case reports in hematology, 2016.",,,
Leuconostoc carnosum,,,,,
Leuconostoc citreum,,,,,
Leuconostoc fallax,,,,,
Leuconostoc garlicum,,,,,
Leuconostoc gelidum,,,,,
Leuconostoc holzapfelii,,,,,
Leuconostoc inhae,,,,,
Leuconostoc kimchii,,,,,
Leuconostoc mesenteroides,,,,,
Leuconostoc miyukkimchii,,,,,
Leuconostoc palmae,,,,,
Leuconostoc pseudomesenteroides,,,,,
Leuconostoc rapi,,,,,
Leuconostoc suionicum,,,,,
Lichtheimia corymbifera,,"Greene, Craig E. Infectious Diseases of the Dog and Cat-E-Book. Elsevier Health Sciences, 2013.",,,
Listeria,,"Pritchard, J.C., Jacob, M.E., Ward, T.J., Parsons, C.T., Kathariou, S., Wood, M.W. Listeria monocytogenes septicemia in an immunocompromised dog. (2016) Vet Clin Pathol 45.2: 254-259.",,,
Malassezia,,"Greene, Craig E. Infectious Diseases of the Dog and Cat-E-Book. Elsevier Health Sciences, 2013.",,,
Malassezia furfur ,,"Greene, Craig E. Infectious Diseases of the Dog and Cat-E-Book. Elsevier Health Sciences, 2013.",,,
Malassezia pachydermatis ,,"Meason-Smith, C., Diesel, A., Patterson, A. P., Older, C. E., Mansell, J. M., Suchodolski, J. S., & Rodrigues Hoffmann, A. What is living on your dog’s skin? Characterization of the canine cutaneous mycobiota and fungal dysbiosis in canine allergic dermatitis. (2015) FEMS Microbiology Ecology, 91(12):1–12",,,
Melissococcus plutonius,,,,,
Microascales ,,"Meason-Smith, C., Diesel, A., Patterson, A. P., Older, C. E., Mansell, J. M., Suchodolski, J. S., & Rodrigues Hoffmann, A. What is living on your dog’s skin? Characterization of the canine cutaneous mycobiota and fungal dysbiosis in canine allergic dermatitis. (2015) FEMS Microbiology Ecology,91(12):1–12",,,
Micrococcus,,"Ranjekar, Amey, Rutuja Mahagonkar, and Shilpa Mujumdar. ""Multi-drug Resistance of Micro-Organisms Isolated from Dog Skin and Saliva."" International Journal of current microbiology and Applied Science. Special 2 (2015): 317-329.",,,
Micrococcus luteus,,,,,
Microsporum audouinii,,"Greene, Craig E. Infectious Diseases of the Dog and Cat-E-Book. Elsevier Health Sciences, 2013.",,,
Microsporum canis,,"Greene, Craig E. Infectious Diseases of the Dog and Cat-E-Book. Elsevier Health Sciences, 2013.",,,
Microsporum cookie,,"Muller and Kirk's small animal Dermatology, 7th edition Elsevier",,,
Microsporum distortum,,"Muller and Kirk's small animal Dermatology, 7th edition Elsevier",,,
Microsporum duboisii,,"Muller and Kirk's small animal Dermatology, 7th edition Elsevier",,,
Microsporum equinum,,"Muller and Kirk's small animal Dermatology, 7th edition Elsevier",,,
Microsporum felineum ,,"Muller and Kirk's small animal Dermatology, 7th edition Elsevier",,,
Microsporum ferrugineum,,"Muller and Kirk's small animal Dermatology, 7th edition Elsevier",,,
Microsporum fulvum,,"Muller and Kirk's small animal Dermatology, 7th edition Elsevier",,,
Microsporum gypseum,,"Muller and Kirk's small animal Dermatology, 7th edition Elsevier",,,
Microsporum langeronii,,"Muller and Kirk's small animal Dermatology, 7th edition Elsevier",,,
Microsporum lanosum,,"Muller and Kirk's small animal Dermatology, 7th edition Elsevier",,,
Microsporum nanum,,"Muller and Kirk's small animal Dermatology, 7th edition Elsevier",,,
Microsporum obesum,,"Muller and Kirk's small animal Dermatology, 7th edition Elsevier",,,
Microsporum persicolor,,"Muller and Kirk's small animal Dermatology, 7th edition Elsevier",,,
Microsporum rivalierii,,"Muller and Kirk's small animal Dermatology, 7th edition Elsevier",,,
Microsporum vanbreuseghemii,,"Muller and Kirk's small animal Dermatology, 7th edition Elsevier",,,
Monocillium indicum,,"Muller and Kirk's small animal Dermatology, 7th edition Elsevier",,,
Moraxella catarrhalis,,,,,
Morganella,,"de Abreu Pereira, Juliana, et al. ""Urinary infection by Morganella morganii in a young dog affected by ectopic ureter."" Acta Veterinaria Brasilica 10.3 (2016): 273-277.",,,
Mucor indicus,,"Greene, Craig E. Infectious Diseases of the Dog and Cat-E-Book. Elsevier Health Sciences, 2013.",,,
Mycobacterium,,"Figueiredo, Vivianne CambuÃ, et al. ""Infection by Mycobacterium bovis in a dog from Brazil."" Brazilian Journal of Microbiology (2017).",,,
Mycobacterium avium,,,,,
Mycobacterium haemophilum,,"Muller and Kirk's small animal Dermatology, 7th edition Elsevier",,,Mycobacterium haemophilium
Mycobacterium leprae,,"Muller and Kirk's small animal Dermatology, 7th edition Elsevier",,,
Mycobacterium malmoense,,"Muller and Kirk's small animal Dermatology, 7th edition Elsevier",,,
Mycobacterium microti,,"Muller and Kirk's small animal Dermatology, 7th edition Elsevier",,,
Mycobacteroides abscessus,,"Muller and Kirk's small animal Dermatology, 7th edition Elsevier",,,Mycobacterium abscessus
Mycobacteroides chelonae,,"Muller and Kirk's small animal Dermatology, 7th edition Elsevier",,,Mycobacterium chelonae
Mycolicibacterium aubagnense,,,,,Mycobacterium  aubagnense
Mycolicibacterium fortuitum,,"Muller and Kirk's small animal Dermatology, 7th edition Elsevier",,,Mycobacterium fortuitum
Mycolicibacterium goodii,,"Muller and Kirk's small animal Dermatology, 7th edition Elsevier",,,Mycobacterium goodii
Mycolicibacterium peregrinum,,"Muller and Kirk's small animal Dermatology, 7th edition Elsevier",,,Mycobacterium perigrinum
Mycolicibacterium phlei,,"Muller and Kirk's small animal Dermatology, 7th edition Elsevier",,,Mycobacterium phlei
Mycolicibacterium smegmatis,,"Muller and Kirk's small animal Dermatology, 7th edition Elsevier",,,Mycobacterium smegmatis
Mycolicibacterium thermoresistibile,,"Muller and Kirk's small animal Dermatology, 7th edition Elsevier",,,Mycobacterium thermoresistible
Mycolicibacterium wolinskyi,,"Muller and Kirk's small animal Dermatology, 7th edition Elsevier",,,Mycobacterium wolinskyi
Mycoplasma,,"Ramos R., Ramos C., Araujo F., Oliveira R., Souza I., Pimentel D., Galindo M., Santana M., Rosas E., Faustino M., Alves L. Molecular survey and genetic characterization of tick-borne pathogens in dogs in metropolitan Recife (north-eastern Brazil). (2010) Parasitology Research, 107(5):1115-1120","Kaczorek, Edyta, et al. Prevalence of reiratory pathogens detected in dogs with kennel cough in Poland. (2017) Acta Veterinaria Brno 85(4):329-336.",,
Mycoplasma gallisepticum,,,,,
Mycoplasma genitalium,,,,,
Mycoplasma hominis,,,,,
Mycoplasma pneumoniae,,,,,
Neisseria,,"Xiong, Jianhui, Sigmund Krajden, Julianne V. Kus, Prasad Rawte, John Blondal, Mark Downing, Urszula Zurawska, and William Chapman. ""Bacteremia Due to Pasteurella dagmatisAcquired from a Dog Bite, with a Review of Systemic Infections and Challenges in Laboratory Identification."" Canadian Journal of Infectious Diseases and Medical Microbiology 26, no. 5 (2015): 273-276.",,,
Neisseria flavescens,,,,,
Neisseria gonorrhoeae,,,,,
Neisseria meningitidis,,,,,
Neisseria mucosa,,,,,
Neisseria shayeganii,,,,,
Neorickettsia helminthoeca,,"Greene, Craig E. Infectious Diseases of the Dog and Cat-E-Book. Elsevier Health Sciences, 2013.",,,
Neorickettsia risticii,,"Greene, Craig E. Infectious Diseases of the Dog and Cat-E-Book. Elsevier Health Sciences, 2013.",,,
Nocardia,,"Greene, Craig E. Infectious Diseases of the Dog and Cat-E-Book. Elsevier Health Sciences, 2013.",,,
Nocardia brasiliensis,,"Greene, Craig E. Infectious Diseases of the Dog and Cat-E-Book. Elsevier Health Sciences, 2013.",,,
Nocardia otitidiscaviarum,,"Greene, Craig E. Infectious Diseases of the Dog and Cat-E-Book. Elsevier Health Sciences, 2013.",,,
Orientia,,"Weitzel, Thomas, et al. ""Canine seroprevalence to Orientia species in southern Chile: A cross-sectional survey on the Chiloé Island."" PloS one 13.7 (2018): e0200362.",,,
Paecilomyces,,"Muller and Kirk's small animal Dermatology, 7th edition Elsevier",,,
Paecilomyces,,"Muller and Kirk's small animal Dermatology, 7th edition Elsevier",,,
Paenibacillus larvae,,,,,
Pantoea,,"Walterson, A. M., & Stavrinides, J. (2015). Pantoea: insights into a highly versatile and diverse genus within the Enterobacteriaceae. FEMS microbiology reviews, 39(6), 968-984.",,,
Pantoea alhagi,,"Walterson, A. M., & Stavrinides, J. (2015). Pantoea: insights into a highly versatile and diverse genus within the Enterobacteriaceae. FEMS microbiology reviews, 39(6), 968-984.",,,
Pantoea allii,,"Walterson, A. M., & Stavrinides, J. (2015). Pantoea: insights into a highly versatile and diverse genus within the Enterobacteriaceae. FEMS microbiology reviews, 39(6), 968-984.",,,
Pantoea ananatis,,"Walterson, A. M., & Stavrinides, J. (2015). Pantoea: insights into a highly versatile and diverse genus within the Enterobacteriaceae. FEMS microbiology reviews, 39(6), 968-984.",,,
Pantoea anthophila,,"Walterson, A. M., & Stavrinides, J. (2015). Pantoea: insights into a highly versatile and diverse genus within the Enterobacteriaceae. FEMS microbiology reviews, 39(6), 968-984.",,,
Pantoea beijingensis,,"Walterson, A. M., & Stavrinides, J. (2015). Pantoea: insights into a highly versatile and diverse genus within the Enterobacteriaceae. FEMS microbiology reviews, 39(6), 968-984.",,,
Pantoea brenneri,,"Walterson, A. M., & Stavrinides, J. (2015). Pantoea: insights into a highly versatile and diverse genus within the Enterobacteriaceae. FEMS microbiology reviews, 39(6), 968-984.",,,
Pantoea coffeiphila,,"Walterson, A. M., & Stavrinides, J. (2015). Pantoea: insights into a highly versatile and diverse genus within the Enterobacteriaceae. FEMS microbiology reviews, 39(6), 968-984.",,,
Pantoea conspicua,,"Walterson, A. M., & Stavrinides, J. (2015). Pantoea: insights into a highly versatile and diverse genus within the Enterobacteriaceae. FEMS microbiology reviews, 39(6), 968-984.",,,
Pantoea cypripedii,,"Walterson, A. M., & Stavrinides, J. (2015). Pantoea: insights into a highly versatile and diverse genus within the Enterobacteriaceae. FEMS microbiology reviews, 39(6), 968-984.",,,
Pantoea deleyi,,"Walterson, A. M., & Stavrinides, J. (2015). Pantoea: insights into a highly versatile and diverse genus within the Enterobacteriaceae. FEMS microbiology reviews, 39(6), 968-984.",,,
Pantoea endophytica,,"Walterson, A. M., & Stavrinides, J. (2015). Pantoea: insights into a highly versatile and diverse genus within the Enterobacteriaceae. FEMS microbiology reviews, 39(6), 968-984.",,,
Pantoea eucalypti,,"Walterson, A. M., & Stavrinides, J. (2015). Pantoea: insights into a highly versatile and diverse genus within the Enterobacteriaceae. FEMS microbiology reviews, 39(6), 968-984.",,,
Pantoea eucrina,,"Walterson, A. M., & Stavrinides, J. (2015). Pantoea: insights into a highly versatile and diverse genus within the Enterobacteriaceae. FEMS microbiology reviews, 39(6), 968-984.",,,
Pantoea hericii,,"Walterson, A. M., & Stavrinides, J. (2015). Pantoea: insights into a highly versatile and diverse genus within the Enterobacteriaceae. FEMS microbiology reviews, 39(6), 968-984.",,,
Pantoea latae,,"Walterson, A. M., & Stavrinides, J. (2015). Pantoea: insights into a highly versatile and diverse genus within the Enterobacteriaceae. FEMS microbiology reviews, 39(6), 968-984.",,,
Pantoea pleuroti,,"Walterson, A. M., & Stavrinides, J. (2015). Pantoea: insights into a highly versatile and diverse genus within the Enterobacteriaceae. FEMS microbiology reviews, 39(6), 968-984.",,,
Pantoea rodasii,,"Walterson, A. M., & Stavrinides, J. (2015). Pantoea: insights into a highly versatile and diverse genus within the Enterobacteriaceae. FEMS microbiology reviews, 39(6), 968-984.",,,
Pantoea rwandensis,,"Walterson, A. M., & Stavrinides, J. (2015). Pantoea: insights into a highly versatile and diverse genus within the Enterobacteriaceae. FEMS microbiology reviews, 39(6), 968-984.",,,
Pantoea septica,,"Walterson, A. M., & Stavrinides, J. (2015). Pantoea: insights into a highly versatile and diverse genus within the Enterobacteriaceae. FEMS microbiology reviews, 39(6), 968-984.",,,
Pantoea sesami,,"Walterson, A. M., & Stavrinides, J. (2015). Pantoea: insights into a highly versatile and diverse genus within the Enterobacteriaceae. FEMS microbiology reviews, 39(6), 968-984.",,,
Pantoea stewartii,,"Walterson, A. M., & Stavrinides, J. (2015). Pantoea: insights into a highly versatile and diverse genus within the Enterobacteriaceae. FEMS microbiology reviews, 39(6), 968-984.",,,
Pantoea vagans,,"Walterson, A. M., & Stavrinides, J. (2015). Pantoea: insights into a highly versatile and diverse genus within the Enterobacteriaceae. FEMS microbiology reviews, 39(6), 968-984.",,,
Pantoea wallisii,,"Walterson, A. M., & Stavrinides, J. (2015). Pantoea: insights into a highly versatile and diverse genus within the Enterobacteriaceae. FEMS microbiology reviews, 39(6), 968-984.",,,
Paracoccidioides brasiliensis ,,"Greene, Craig E. Infectious Diseases of the Dog and Cat-E-Book. Elsevier Health Sciences, 2013.",,,
Paracoccidioidomycosis,,"Greene, Craig E. Infectious Diseases of the Dog and Cat-E-Book. Elsevier Health Sciences, 2013.",,,
Paracoccus,,"Sack, J., Peaper, D. R., Mistry, P., & Malinis, M. (2017). Clinical implications of Paracoccus yeeii bacteremia in a patient with decompensated cirrhosis. IDCases, 7, 9-10.",,,
Paracoccus yeei,,"Sack, J., Peaper, D. R., Mistry, P., & Malinis, M. (2017). Clinical implications of Paracoccus yeeii bacteremia in a patient with decompensated cirrhosis. IDCases, 7, 9-10.",,,
Pasteurella,,"Greene, Craig E. Infectious Diseases of the Dog and Cat-E-Book. Elsevier Health Sciences, 2013.",,,
Pasteurella dagmatis,,,,,
Pasteurella multocida,,"Muller and Kirk's small animal Dermatology, 7th edition Elsevier",,,
Penicillium,,"Muller and Kirk's small animal Dermatology, 7th edition Elsevier",,,
Penicillium marneffei,,"Greene, Craig E. Infectious Diseases of the Dog and Cat-E-Book. Elsevier Health Sciences, 2013.",,,
Peptoclostridium,,"Zheng Y., Xiangqi H., Lin X., Zheng Q., Zhang W., Zhou P., Li S. Bacterial diversity in the feces of dogs with CPV infection. Microb Pathog. 2018 Apr 27;121:70-76",,,
Peptoclostridium acidaminophilum,,,,,
Peptoclostridium litorale,,,,,
Peptoniphilus grossensis,,,,,
Peptoniphilus harei,,,,,
Peptostreptococcus canis,,,,,
Periconia ,,"Meason-Smith, C., Diesel, A., Patterson, A. P., Older, C. E., Mansell, J. M., Suchodolski, J. S., & Rodrigues Hoffmann, A. What is living on your dog’s skin? Characterization of the canine cutaneous mycobiota and fungal dysbiosis in canine allergic dermatitis. (2015) FEMS Microbiology Ecology, 91(12):1–12",,,
Phialemonium obovatum,,"Muller and Kirk's small animal Dermatology, 7th edition Elsevier",,,
Phialophora spp.,,"Muller and Kirk's small animal Dermatology, 7th edition Elsevier",,,
Phialophora verrucosa,,"Greene, Craig E. Infectious Diseases of the Dog and Cat-E-Book. Elsevier Health Sciences, 2013.",,,
Piedraia hortae,,"Greene, Craig E. Infectious Diseases of the Dog and Cat-E-Book. Elsevier Health Sciences, 2013.",,,
Pneumocystis jirovecii,,"Greene, Craig E. Infectious Diseases of the Dog and Cat-E-Book. Elsevier Health Sciences, 2013.",,,
Porphyromonas cangingivalis,,"J. Glenn, Songer; Karen W., Post (2004). Veterinary Microbiology Bacterial and Fungal Agents of Animal Disease. London: Elsevier Health Sciences. ISBN 1-416-06501-6.",,,
Porphyromonas gulae,,"Holden, J. A., Obrien-Simpson, N. M., Lenzo, J. C., Orth, R. K., Mansell, A., & Reynolds, E. C. (2017). Porphyromonas gulae Activates Unprimed and Gamma Interferon-Primed Macrophages via the Pattern Recognition Receptors Toll-Like Receptor 2 (TLR2), TLR4, and NOD2. Infection and Immunity, 85(9). doi:10.1128/iai.00282-17",,,
Prevotella,,"Li Q., Lauber C.L., Czarnecki-Maulden G., Pan Y., Hannah S.S., Effects of the Dietary Protein and Carbohydrate Ratio on Gut Microbiomes in Dogs of Different Conditions. MBio. 2017 Jan 24;8(1).",,,
Prevotella bivia,,,,,
Prevotella buccalis,,,,,
Prevotella intermedia,,,,,
Prevotella loescheii,,,,,
Prevotella melaninogenica,,,,,
Prevotella nigrescens,,,,,
Prevotella timonensis,,,,,
Proteus,,"Morrissey I., Moyaert H., de Jong A., El Garch F., Klein U., Ludwig C., Thiry J., Youala, M. Antimicrobial susceptibility monitoring of bacterial pathogens isolated from reiratory tract infections in dogs and cats across Europe: ComPath results. (2016) Veterinary microbiology, 191:44-51",,,
Proteus mirabilis,,"Morrissey I., Moyaert H., de Jong A., El Garch F., Klein U., Ludwig C., Thiry J., Youala, M. Antimicrobial susceptibility monitoring of bacterial pathogens isolated from reiratory tract infections in dogs and cats across Europe: ComPath results. (2016) Veterinary microbiology, 191:44-53",,,
Proteus vulgaris,,"Morrissey I., Moyaert H., de Jong A., El Garch F., Klein U., Ludwig C., Thiry J., Youala, M. Antimicrobial susceptibility monitoring of bacterial pathogens isolated from reiratory tract infections in dogs and cats across Europe: ComPath results. (2016) Veterinary microbiology, 191:44-52",,,
Prototheca wickerhamii,,"Greene, Craig E. Infectious Diseases of the Dog and Cat-E-Book. Elsevier Health Sciences, 2013.",,,
Prototheca zopfii,,"Greene, Craig E. Infectious Diseases of the Dog and Cat-E-Book. Elsevier Health Sciences, 2013.",,,
Providencia,,"Newton, Patricia L., and Darren R. Fry. ""Successful treatment of Providencia rettgeri cholecystitis and neutrophilic cholangitis in a cat."" Journal of Feline Medicine and Surgery Open Reports 4.1 (2018): 2055116917750763.",,,
Providencia rettgeri,,,,,
Providencia stuartii,,,,,
Pseudallescheria,,"Muller and Kirk's small animal Dermatology, 7th edition Elsevier",,,
Pseudallescheria boydii,,"Greene, Craig E. Infectious Diseases of the Dog and Cat-E-Book. Elsevier Health Sciences, 2013.",,,
Pseudomicrodochium suttonii,,"Muller and Kirk's small animal Dermatology, 7th edition Elsevier",,,
Pseudomonas,,"Greene, Craig E. Infectious Diseases of the Dog and Cat-E-Book. Elsevier Health Sciences, 2013.",,,
Pseudomonas aeruginosa,,,,,
Pseudomonas hunanensis,,"Boricha H., Fulekar M.H. Pseudomonas plecoglossicida as a novel organism for the bioremediation of cypermethrin. (2009) Biology and Medicine, 1(4): 1-10",,,
Pseudomonas oryzihabitans,,,,,
Pseudomonas plecoglossicida,,"Boricha H., Fulekar M.H. Pseudomonas plecoglossicida as a novel organism for the bioremediation of cypermethrin. (2009) Biology and Medicine, 1(4): 1-10",,,
Pseudomonas putida,,"Boricha H., Fulekar M.H. Pseudomonas plecoglossicida as a novel organism for the bioremediation of cypermethrin. (2009) Biology and Medicine, 1(4): 1-10",,,
Ralstonia,,"Herrera M.A., Burkitt J.M, Epstein S.E., Jones M.E.B., Moore P.F., Sykes J. E. Ralstonia pickettii Septicemia in a Dog with Immune-MediatedThrombocytopenia. (2009) J Vet Intern Med, 23:182-185",,,
Ralstonia picketti,,"Greene, Craig E. Infectious Diseases of the Dog and Cat-E-Book. Elsevier Health Sciences, 2013.",,,
Rhinosporidium seeberi ,,"Greene, Craig E. Infectious Diseases of the Dog and Cat-E-Book. Elsevier Health Sciences, 2013.",,,
Rhizopus oryzae,,"Greene, Craig E. Infectious Diseases of the Dog and Cat-E-Book. Elsevier Health Sciences, 2013.",,,
Rhodotorula,,"Muller and Kirk's small animal Dermatology, 7th edition Elsevier",,,
Rickettsia,,"Mascarelli P. E., Tartara G. P., Pereyra N. B., Maggi R. G. Detection of Mycoplasma haemocanis, Mycoplasma haematoparvum, Mycoplasma suis and other vector-borne pathogens in dogs from Córdoba and Santa Fé, Argentina.  (2016) Parasites & Vestors, 9(642)",,,
Rickettsia africae,,,,,
Rickettsia conorii,,,,,
Rickettsia conorii sp. Conorii,,"Greene, Craig E. Infectious Diseases of the Dog and Cat-E-Book. Elsevier Health Sciences, 2013.",,,
Rickettsia helvetica,,,,,
Rickettsia sibirica,,,,,
Rickettsia slovaca,,,,,
Roseomonas,,"Hoffmann A.R., Patterson A.P., Diesle A., Lawhorn S.D., Ly H. J., Stephenson C.E., Mansell J., Steiner J.M., Dowd S.E., Olivry T., Suchodolski J.S. The Skin Microbiome in Healthy and Allergic Dogs. PLOS ONE 9(1): e83197",,,
Roseomonas gilardii,,,,,
Roseomonas mucosa,,,,,
Ruminococcus ,,"Li Q., Lauber C.L., Czarnecki-Maulden G., Pan Y., Hannah S.S., Effects of the Dietary Protein and Carbohydrate Ratio on Gut Microbiomes in Dogs of Different Conditions. MBio. 2017 Jan 24;8(1).",,,
Ruminococcus albus,,,,,
Ruminococcus bicirculans,,,,,
Ruminococcus bromii,,,,,
Ruminococcus callidus,,,,,
Ruminococcus champanellensis,,,,,
Ruminococcus faecis,,,,,
Ruminococcus flavefaciens,,,,,
Ruminococcus gauvreauii,,,,,
Ruminococcus lactaris,,,,,
Salmonella,,"Jay-Russel M.T., Hake A.F., Bengson Y., Thiptara A., Nguyen T. Prevalence and Characterization of Escherichia coli and Salmonella Strains Isolated from Stray Dog and Coyote Feces in a Major Leafy Greens Production Region at the United States-Mexico Border. PLoS One. 2014 Nov 20;9(11):e113433",,,
Salmonella bongori,,,,,
Salmonella enterica,,,,,
Scedosporium,,"Muller and Kirk's small animal Dermatology, 7th edition Elsevier",,,
Scedosporium spp.,,"Muller and Kirk's small animal Dermatology, 7th edition Elsevier",,,
Schaalia canis,,,,,Actinomyces canis
Serratia,,Wilkins R.J. Serratia marcescens septicaemia in the dog. J Small Anim Pract. 1973 Apr;14(4):205-15.,,,
Serratia marcescens,,Wilkins R.J. Serratia marcescens septicaemia in the dog. J Small Anim Pract. 1973 Apr;14(4):205-15.,,,
Shigella,,"Zheng Y., Xiangqi H., Lin X., Zheng Q., Zhang W., Zhou P., Li S. Bacterial diversity in the feces of dogs with CPV infection. Microb Pathog. 2018 Apr 27;121:70-76",,,
Sphingomonas,,"Cuscó, A., Belanger, J. M., Gershony, L., Islas-Trejo, A., Levy, K., Medrano, J. F., et al. Individual signatures and environmental factors shape skin microbiota in healthy dogs. (2017) Microbiome, 5(1), 139",,,
Sphingomonas paucimobilis,,"Cuscó, A., Belanger, J. M., Gershony, L., Islas-Trejo, A., Levy, K., Medrano, J. F., et al. Individual signatures and environmental factors shape skin microbiota in healthy dogs. (2017) Microbiome, 5(1), 140",,,
Sporobolomyces sp. ,,"Meason-Smith, C., Diesel, A., Patterson, A. P., Older, C. E., Mansell, J. M., Suchodolski, J. S., & Rodrigues Hoffmann, A. What is living on your dog’s skin? Characterization of the canine cutaneous mycobiota and fungal dysbiosis in canine allergic dermatitis. (2015) FEMS Microbiology Ecology, 91(12):1–12",,,
Sporothrix schenckii,,"Greene, Craig E. Infectious Diseases of the Dog and Cat-E-Book. Elsevier Health Sciences, 2013.",,,
Staphylococcus ,,"Ehrlich G. D.,  Hu F. Z., Sotereanos N., Sewicke J., Parvizi J., Nara P.L., Arciola, C. R. What role do periodontal pathogens play in osteoarthritis and periprosthetic joint infections of the knee. (2014) J Appl Biomater Funct Mater 12(1): 13-20","Saridomichelakis M.N., Olivry T. An update on the treatment of canine atopic dermatitis. (2016) The Veterinary Journal, 207: 29-37",,
Staphylococcus aureus,,"Ehrlich G. D.,  Hu F. Z., Sotereanos N., Sewicke J., Parvizi J., Nara P.L., Arciola, C. R. What role do periodontal pathogens play in osteoarthritis and periprosthetic joint infections of the knee. (2014) J Appl Biomater Funct Mater 12(1): 13-20",,,
Staphylococcus caprae,,,,,
Staphylococcus epidermidis,,,,,
Staphylococcus felis,,"Litser A., Moss S.M., Honnery M., Rees B., Trott D.J. Prevalence of bacterial ecies in cats with clinical signs of lower urinary tract disease: Recognition of Staphylococcus felis as a possible feline urinary tract pathogen. (2006) Veterinary Microbiology, 121 (1-2): 182-188",,,
Staphylococcus haemolyticus,,,,,
Staphylococcus hominis,,,,,
Staphylococcus lugdunensis,,,,,
Staphylococcus pettenkoferi,,,,,
Staphylococcus pseudintermedius,,"Pierezan, F., Olivry, T., Paps, J. S., Lawhon, S. D., Wu, J., Steiner, J. M., et al. The skin microbiome in allergen-induced canine atopic dermatitis. (2016) Veterinary Dermatology, 27(5):332-e82",,,
Staphylococcus saccharolyticus,,,,,Peptococcus saccharolyticus
Staphylococcus saprophyticus,,,,,
Staphylococcus schleiferi,,"Cain C. L., Morris D. O., Rankin S. C. Clinical characterization of Staphylococcus schleiferi infections and identification of risk factors for acquisition of oxacillin-resistant strains in dogs: 225 cases (2003–2009). (2011) Journal of the American Veterinary Medical Association, 239(12): 1566-1573",,,
Staphylococcus schleiferi ssp. Coagulans,,"Muller and Kirk's small animal Dermatology, 7th edition Elsevier",,,
Staphylococcus simulans,,,,,
Staphylococcus warneri,,,,,
Stenotrophomonas,,"Morrissey I., Moyaert H., de Jong A., El Garch F., Klein U., Ludwig C., Thiry J., Youala, M. Antimicrobial susceptibility monitoring of bacterial pathogens isolated from reiratory tract infections in dogs and cats across Europe: ComPath results. (2016) Veterinary microbiology, 191:44-51",,,
Stenotrophomonas maltophilia,,,,,Pseudonomas maltophilia
Streptococcus agalactiae,,"De Martino, Luisa, et al. ""An update on microbiological causes of canine otitis externa in Campania Region, Italy."" Asian Pacific Journal of Tropical Biomedicine 6.5 (2016): 384-389.",,,
Streptococcus anginosus,,,,,
Streptococcus canis ,,"Hitzmann A., Bergmann A., Rohde M., Chhatwal G.S., Fulde M. Identification and characterication of the argenine deiminase system of Streptococcus canis. Vet Microbiol. 2013 Feb 22;162(1):270-7",,,
Streptococcus constellatus,,,,,
Streptococcus dysgalactiae,,,,,
Streptococcus equinus,,"Kaczorek, Edyta, et al. Prevalence of reiratory pathogens detected in dogs with kennel cough in Poland. (2017) Acta Veterinaria Brno 85(4):329-336.",,,
Streptococcus gallolyticus,,"Morrissey I., Moyaert H., de Jong A., El Garch F., Klein U., Ludwig C., Thiry J., Youala, M. Antimicrobial susceptibility monitoring of bacterial pathogens isolated from reiratory tract infections in dogs and cats across Europe: ComPath results. (2016) Veterinary microbiology, 191:44-51",,,
Streptococcus halichoeri,,"Greene, Craig E. Infectious Diseases of the Dog and Cat-E-Book. Elsevier Health Sciences, 2013.",,,
Streptococcus milleri,,,,,
Streptococcus pneumoniae,,"Morrissey I., Moyaert H., de Jong A., El Garch F., Klein U., Ludwig C., Thiry J., Youala, M. Antimicrobial susceptibility monitoring of bacterial pathogens isolated from reiratory tract infections in dogs and cats across Europe: ComPath results. (2016) Veterinary microbiology, 191:44-51",,,
Streptococcus pyogenes,,"Sprot H., Efstratiou A., Hubble M., Mrogan M. Man's best friend?--first report of prosthetic joint infection with Streptococcus pyogenes from a canine source. J Infect. 2012 Jun;64(6):625-7",,,
Streptococcus suis,,,,,
Suterella stercoricanis,,"Greetham H.L., Collins M.D., Gibson G.R., Giffard C., Falsen E., Lawson P.A. Sutterella stercoricanis Nov., isolated crom canine faeces. International Journal of Systematic and Evolutionary Microbiology (2004), 54, 1581–1584",,,
Syncephalastrum racemosum,,"Greene, Craig E. Infectious Diseases of the Dog and Cat-E-Book. Elsevier Health Sciences, 2013.",,,
Treponema pallidum,,"Ehrlich G. D.,  Hu F. Z., Sotereanos N., Sewicke J., Parvizi J., Nara P.L., Arciola, C. R. What role do periodontal pathogens play in osteoarthritis and periprosthetic joint infections of the knee. (2014) J Appl Biomater Funct Mater 12(1): 13-20",,,
Trichophyton  multicolor,,"Muller and Kirk's small animal Dermatology, 7th edition Elsevier",,,
Trichophyton  purpureum,,"Muller and Kirk's small animal Dermatology, 7th edition Elsevier",,,
Trichophyton accuminatum,,"Muller and Kirk's small animal Dermatology, 7th edition Elsevier",,,
Trichophyton ajelloi,,"Muller and Kirk's small animal Dermatology, 7th edition Elsevier",,,
Trichophyton album,,"Muller and Kirk's small animal Dermatology, 7th edition Elsevier",,,
Trichophyton asteroides,,"Muller and Kirk's small animal Dermatology, 7th edition Elsevier",,,
Trichophyton caninum,,"Muller and Kirk's small animal Dermatology, 7th edition Elsevier",,,
Trichophyton cerebriforme,,"Muller and Kirk's small animal Dermatology, 7th edition Elsevier",,,
Trichophyton crateriforme,,"Muller and Kirk's small animal Dermatology, 7th edition Elsevier",,,
Trichophyton discoides,,"Muller and Kirk's small animal Dermatology, 7th edition Elsevier",,,
Trichophyton epilans,,"Muller and Kirk's small animal Dermatology, 7th edition Elsevier",,,
Trichophyton equinum,,"Muller and Kirk's small animal Dermatology, 7th edition Elsevier",,,
Trichophyton erinacei,,"Muller and Kirk's small animal Dermatology, 7th edition Elsevier",,,
Trichophyton faviforme,,"Muller and Kirk's small animal Dermatology, 7th edition Elsevier",,,
Trichophyton felineum,,"Muller and Kirk's small animal Dermatology, 7th edition Elsevier",,,
Trichophyton fumatum,,"Muller and Kirk's small animal Dermatology, 7th edition Elsevier",,,
Trichophyton gallinae,,"Muller and Kirk's small animal Dermatology, 7th edition Elsevier",,,
Trichophyton glabrum,,"Muller and Kirk's small animal Dermatology, 7th edition Elsevier",,,
Trichophyton granulosum,,"Muller and Kirk's small animal Dermatology, 7th edition Elsevier",,,
Trichophyton gypseum,,"Muller and Kirk's small animal Dermatology, 7th edition Elsevier",,,
Trichophyton interdigitale,,"Greene, Craig E. Infectious Diseases of the Dog and Cat-E-Book. Elsevier Health Sciences, 2013.",,,
Trichophyton kagewaense,,"Muller and Kirk's small animal Dermatology, 7th edition Elsevier",,,
Trichophyton megninii,,"Muller and Kirk's small animal Dermatology, 7th edition Elsevier",,,
Trichophyton mentagrophytes,,"Greene, Craig E. Infectious Diseases of the Dog and Cat-E-Book. Elsevier Health Sciences, 2013.",,,
Trichophyton mentagrophytes var. erinacei,,"Muller and Kirk's small animal Dermatology, 7th edition Elsevier",,,
Trichophyton ochraceum,,"Muller and Kirk's small animal Dermatology, 7th edition Elsevier",,,
Trichophyton plicate,,"Muller and Kirk's small animal Dermatology, 7th edition Elsevier",,,
Trichophyton quinckeanum,,"Muller and Kirk's small animal Dermatology, 7th edition Elsevier",,,
Trichophyton rubrum,,"Greene, Craig E. Infectious Diseases of the Dog and Cat-E-Book. Elsevier Health Sciences, 2013.",,,
Trichophyton rubrum,,"Muller and Kirk's small animal Dermatology, 7th edition Elsevier",,,
Trichophyton sabouraudi,,"Muller and Kirk's small animal Dermatology, 7th edition Elsevier",,,
Trichophyton schoenleini,,"Greene, Craig E. Infectious Diseases of the Dog and Cat-E-Book. Elsevier Health Sciences, 2013.",,,
Trichophyton schoenleinii,,"Muller and Kirk's small animal Dermatology, 7th edition Elsevier",,,
Trichophyton sulfureum,,"Muller and Kirk's small animal Dermatology, 7th edition Elsevier",,,
Trichophyton tonsurans,,"Greene, Craig E. Infectious Diseases of the Dog and Cat-E-Book. Elsevier Health Sciences, 2013.",,,
Trichophyton verrucosum,,"Muller and Kirk's small animal Dermatology, 7th edition Elsevier",,,
Trichophyton vinosum,,"Muller and Kirk's small animal Dermatology, 7th edition Elsevier",,,
Trichophyton violaceum,,"Muller and Kirk's small animal Dermatology, 7th edition Elsevier",,,
Trichosporon,,"Greene, Craig E. Infectious Diseases of the Dog and Cat-E-Book. Elsevier Health Sciences, 2013.",,,
Trichosporon spp,,"Greene, Craig E. Infectious Diseases of the Dog and Cat-E-Book. Elsevier Health Sciences, 2013.",,,
Trueperella abortisuis,,,,,
Trueperella bernardiae,,,,,
Ureaplasma parvum,,"Greene, Craig E. Infectious Diseases of the Dog and Cat-E-Book. Elsevier Health Sciences, 2013.",,,
Ureaplasma urealyticum,,"Greene, Craig E. Infectious Diseases of the Dog and Cat-E-Book. Elsevier Health Sciences, 2013.",,,
Vibrio cholerae,,"Pierce N.F., Cray W.C. Jr, Engel P.F. Antitoxic immunity to cholera in dogs immunized orally with cholera toxin. Infect Immun. 1980 Feb;27(2):632-7.",,,
Wangiella spp.,,"Muller and Kirk's small animal Dermatology, 7th edition Elsevier",,,
Wolbachia pipientis,,"Greene, Craig E. Infectious Diseases of the Dog and Cat-E-Book. Elsevier Health Sciences, 2013.",,,
Yersinia,,"Ferrer de Sousa L.L., Morais de Alencar C.H., Paiva de Almeida A.M., de Goes Cavalcanti L.P. Seroprevalence and atial distribution dynamics of Yersinia pestis antibodies in dogs and cats from plague foci in the State of Ceará, Northeastern Brazil. Rev Soc Bras Med Trop. 2017  Nov-Dec;50(6):769-776",,,
Yersinia enterocolitica,,,,,
Yersinia pestis,,,,,
Actinomyces bowdenii,,,,,
Nannizziopsis,,"Nourrisson, C., Vidal-Roux, M., Cayot, S., Jacomet, C., Bothorel, C., Ledoux-Pilon, A., ... & Poirier, P. (2018). Invasive Infections Caused by Nannizziopsis spp. Molds in Immunocompromised Patients. Emerging infectious diseases, 24(3), 549.",,,
